district,state,latitude,longitude,date,rainfall_24h_mm,rainfall_72h_mm,antecedent_rainfall_mm,soil_moisture_percent,slope_degrees,elevation_m,ndvi,lithology_code,landslide_occurred,data_source,rainfall_data_type
Thoubal,Manipur,24.388,94.0086,2007-03-27,49.4,110.9,192.8,73.1,9.9,638.0,0.47,1,0,real_negative_sample,calibrated_climatological
Anjaw,Arunachal Pradesh,28.1377,97.0478,2007-04-04,11.5,34.6,102.0,62.6,38.7,2010.2,0.41,2,0,real_negative_sample,calibrated_climatological
Goalpara,Assam,28.1187,89.6316,2007-04-06,8.2,37.7,69.6,47.6,5.0,108.0,0.58,1,0,real_negative_sample,calibrated_climatological
Goalpara,Assam,27.4459,88.6193,2007-04-11,24.8,81.3,175.1,89.7,17.1,20.0,0.48,1,1,real_event,calibrated_climatological
Agartala,Tripura,23.0732,90.017,2007-05-08,18.6,43.4,95.5,54.5,17.1,58.0,0.59,1,0,real_negative_sample,calibrated_climatological
Goalpara,Assam,27.3383,88.6069,2007-05-23,54.5,136.1,221.5,59.1,8.0,85.8,0.74,1,1,real_event,calibrated_climatological
Cherrapunji,Meghalaya,25.2196,91.7419,2007-05-25,12.9,38.7,92.4,73.4,33.2,1280.1,0.57,3,0,real_negative_sample,calibrated_climatological
Champhai,Mizoram,22.2295,96.3815,2007-06-01,86.1,180.7,365.6,49.9,31.8,1133.6,0.54,2,0,real_negative_sample,calibrated_climatological
Kohima,Nagaland,25.5931,94.2552,2007-06-02,141.3,303.1,392.7,68.4,35.2,1423.9,0.45,3,0,real_negative_sample,calibrated_climatological
Upper Siang,Arunachal Pradesh,28.0469,94.8092,2007-06-05,16.9,46.2,112.6,64.8,48.6,1828.4,0.67,2,0,real_negative_sample,calibrated_climatological
Champhai,Mizoram,23.2144,95.2541,2007-06-10,47.7,117.7,175.3,72.8,30.1,1112.7,0.46,2,0,real_negative_sample,calibrated_climatological
Lunglei,Mizoram,22.6368,92.1453,2007-06-11,32.5,84.2,153.3,64.0,39.9,947.9,0.46,2,1,real_event,calibrated_climatological
Lunglei,Mizoram,22.3555,91.8205,2007-06-11,136.7,285.8,445.5,69.2,40.2,1038.3,0.61,2,1,real_event,calibrated_climatological
West Garo Hills,Meghalaya,26.7324,88.4089,2007-06-13,114.0,216.2,350.0,67.6,44.8,207.7,0.6,3,1,real_event,calibrated_climatological
West Garo Hills,Meghalaya,26.8096,88.526,2007-06-15,95.0,250.5,447.6,85.3,40.3,246.0,0.64,3,1,real_event,calibrated_climatological
Tezu,Arunachal Pradesh,29.1247,96.0577,2007-06-15,38.4,108.4,150.4,43.1,20.2,267.7,0.49,1,0,real_negative_sample,calibrated_climatological
Champhai,Mizoram,22.3266,95.2498,2007-06-15,122.0,245.1,445.3,63.8,29.9,1037.1,0.5,2,0,real_negative_sample,calibrated_climatological
Phek,Nagaland,25.742,94.7185,2007-06-19,76.2,151.5,284.3,69.3,27.4,1675.6,0.7,3,0,real_negative_sample,calibrated_climatological
Dimapur,Nagaland,26.2159,93.6597,2007-06-20,100.3,205.7,302.6,66.9,7.4,351.0,0.65,1,0,real_negative_sample,calibrated_climatological
Goalpara,Assam,27.1363,90.7809,2007-06-21,57.3,142.3,277.2,66.0,17.8,64.7,0.63,1,0,real_negative_sample,calibrated_climatological
Champhai,Mizoram,22.525,95.4159,2007-07-03,56.3,135.8,263.2,74.1,34.3,1100.0,0.42,2,0,real_negative_sample,calibrated_climatological
Goalpara,Assam,26.7209,90.9179,2007-07-06,54.4,133.9,255.9,70.6,5.0,96.7,0.57,1,0,real_negative_sample,calibrated_climatological
Thoubal,Manipur,24.4088,94.2775,2007-07-09,87.1,199.7,285.1,78.3,16.2,759.4,0.67,1,0,real_negative_sample,calibrated_climatological
Lakhimpur,Assam,27.9209,93.7297,2007-07-09,18.6,46.2,99.9,73.6,5.6,99.1,0.51,1,0,real_negative_sample,calibrated_climatological
Goalpara,Assam,27.1499,88.38,2007-07-16,122.0,295.3,429.6,84.2,15.2,61.6,0.53,1,1,real_event,calibrated_climatological
Jorhat,Assam,26.8126,94.612,2007-07-17,69.2,133.1,220.4,59.3,12.2,234.8,0.49,1,0,real_negative_sample,calibrated_climatological
Guwahati,Assam,26.1699,91.7986,2007-07-19,138.3,332.4,487.0,79.3,8.0,20.0,0.51,1,1,real_event,calibrated_climatological
West Garo Hills,Meghalaya,23.9304,88.2374,2007-07-21,89.4,191.1,295.2,74.2,50.1,206.8,0.44,3,1,real_event,calibrated_climatological
Longding,Arunachal Pradesh,27.3412,95.5105,2007-07-23,65.4,151.1,244.6,61.5,42.5,874.2,0.56,2,0,real_negative_sample,calibrated_climatological
Kolasib,Mizoram,24.1722,93.1564,2007-07-24,70.5,162.5,310.0,62.9,27.1,621.4,0.44,2,0,real_negative_sample,calibrated_climatological
Cherrapunji,Meghalaya,25.38,91.88,2007-07-26,132.3,303.8,492.3,75.7,29.5,1388.8,0.54,3,1,real_event,calibrated_climatological
Jorhat,Assam,26.6667,94.2179,2007-07-26,64.5,152.2,286.8,56.1,14.2,92.2,0.32,1,0,real_negative_sample,calibrated_climatological
Tura,Meghalaya,25.5212,90.232,2007-07-27,76.9,179.1,340.6,64.5,31.8,258.3,0.56,3,1,real_event,calibrated_climatological
Tura,Meghalaya,24.3509,89.8942,2007-07-27,8.0,35.7,72.8,59.4,32.2,402.2,0.34,3,0,real_negative_sample,calibrated_climatological
Saiha,Mizoram,22.479,92.967,2007-07-30,124.9,235.9,459.6,85.6,36.7,1019.7,0.65,2,1,real_event,calibrated_climatological
Saiha,Mizoram,22.533,92.899,2007-07-30,119.4,261.5,482.9,86.9,27.9,915.5,0.5,2,1,real_event,calibrated_climatological
Agartala,Tripura,23.7299,91.7779,2007-08-02,63.0,142.1,236.0,81.0,12.7,20.0,0.59,1,0,real_negative_sample,calibrated_climatological
West Garo Hills,Meghalaya,26.8905,88.2789,2007-08-02,77.8,149.8,250.2,84.0,32.4,266.1,0.54,3,1,real_event,calibrated_climatological
Pasighat,Arunachal Pradesh,28.9537,95.7328,2007-08-03,74.4,158.4,250.4,64.6,40.4,33.4,0.55,2,0,real_negative_sample,calibrated_climatological
Goalpara,Assam,26.8978,90.2306,2007-08-04,11.2,44.3,113.4,52.8,13.3,20.0,0.59,1,0,real_negative_sample,calibrated_climatological
Lunglei,Mizoram,23.1491,91.9895,2007-08-06,150.4,256.9,420.1,59.2,32.5,811.6,0.63,2,0,real_negative_sample,calibrated_climatological
Kamjong,Manipur,24.0681,97.1654,2007-08-09,8.0,24.3,56.1,79.2,25.8,1200.0,0.51,2,0,real_negative_sample,calibrated_climatological
Kamjong,Manipur,23.054,96.6256,2007-08-09,38.6,104.5,192.5,58.5,34.5,1213.7,0.47,2,0,real_negative_sample,calibrated_climatological
Mokokchung,Nagaland,26.1685,94.5265,2007-08-10,94.6,190.5,282.1,57.7,26.2,1255.1,0.61,3,0,real_negative_sample,calibrated_climatological
Itanagar,Arunachal Pradesh,27.2361,93.6343,2007-08-12,8.0,29.0,86.1,70.6,33.6,311.2,0.35,2,0,real_negative_sample,calibrated_climatological
Upper Siang,Arunachal Pradesh,28.6468,94.0037,2007-08-12,24.7,64.2,131.0,78.0,36.3,1699.1,0.46,2,0,real_negative_sample,calibrated_climatological
West Garo Hills,Meghalaya,26.0192,89.9562,2007-08-12,15.2,54.6,93.5,59.3,42.2,480.6,0.48,3,0,real_negative_sample,calibrated_climatological
Nagaon,Assam,27.6648,91.9775,2007-08-16,43.1,97.9,185.8,81.1,9.5,97.9,0.42,1,0,real_negative_sample,calibrated_climatological
Mokokchung,Nagaland,26.0312,94.3319,2007-08-20,14.9,32.5,66.9,57.4,39.1,1369.8,0.62,3,0,real_negative_sample,calibrated_climatological
West Garo Hills,Meghalaya,25.4073,89.0463,2007-08-20,77.2,162.8,240.1,74.4,36.6,392.7,0.54,3,0,real_negative_sample,calibrated_climatological
Upper Siang,Arunachal Pradesh,29.0306,94.5357,2007-08-23,47.8,100.6,189.2,52.6,47.4,1663.1,0.51,2,0,real_negative_sample,calibrated_climatological
Champhai,Mizoram,23.0622,93.4616,2007-08-23,59.7,121.8,232.5,54.9,29.7,1112.9,0.43,2,0,real_negative_sample,calibrated_climatological
Goalpara,Assam,27.0713,88.4308,2007-08-25,143.9,343.9,486.2,80.9,12.0,20.0,0.6,1,1,real_event,calibrated_climatological
Pasighat,Arunachal Pradesh,28.857,95.6518,2007-08-25,88.9,190.5,348.3,56.0,39.9,20.0,0.61,2,0,real_negative_sample,calibrated_climatological
Tamenglong,Manipur,24.9667,93.55,2007-08-26,182.9,468.5,776.5,82.3,46.9,1330.1,0.43,2,1,real_event,calibrated_climatological
Shillong,Meghalaya,25.5576,91.8506,2007-08-26,121.0,282.3,489.4,74.9,22.3,1423.6,0.51,3,1,real_event,calibrated_climatological
Silchar,Assam,25.2946,92.8339,2007-08-26,90.7,176.5,295.4,77.0,15.0,20.0,0.65,1,1,real_event,calibrated_climatological
Kohima,Nagaland,25.7428,93.9136,2007-08-28,82.2,158.9,285.4,74.0,32.0,1534.6,0.41,3,1,real_event,calibrated_climatological
Goalpara,Assam,27.0096,88.2548,2007-08-29,70.1,183.6,367.4,69.6,9.6,20.0,0.59,1,1,real_event,calibrated_climatological
Agartala,Tripura,22.6461,88.3403,2007-08-31,89.9,191.5,375.4,67.6,15.6,75.0,0.41,1,1,real_event,calibrated_climatological
Senapati,Manipur,25.1333,93.9667,2007-08-31,121.7,252.2,458.1,77.7,39.5,1494.8,0.52,2,1,real_event,calibrated_climatological
Kamjong,Manipur,24.4856,94.6939,2007-09-03,21.5,70.6,114.5,85.9,32.6,1301.9,0.63,2,0,real_negative_sample,calibrated_climatological
Kamjong,Manipur,23.8541,96.4789,2007-09-05,83.8,154.3,285.5,82.1,42.2,1066.3,0.62,2,0,real_negative_sample,calibrated_climatological
Goalpara,Assam,27.0683,88.2812,2007-09-05,73.2,205.9,419.6,76.0,10.3,20.0,0.64,1,1,real_event,calibrated_climatological
Goalpara,Assam,27.201,88.4883,2007-09-07,50.2,123.9,245.5,67.6,8.0,20.0,0.68,1,1,real_event,calibrated_climatological
Goalpara,Assam,27.0667,89.5833,2007-09-07,79.2,216.6,445.9,84.9,12.3,68.7,0.71,1,1,real_event,calibrated_climatological
West Garo Hills,Meghalaya,26.8833,88.2833,2007-09-07,50.0,119.3,247.3,63.6,32.5,309.4,0.56,3,1,real_event,calibrated_climatological
Senapati,Manipur,25.0604,93.9877,2007-09-08,81.1,209.2,407.6,85.8,37.2,1568.7,0.52,2,1,real_event,calibrated_climatological
Goalpara,Assam,27.1667,88.35,2007-09-09,23.5,86.4,175.4,67.1,9.0,80.5,0.48,1,1,real_event,calibrated_climatological
Kohima,Nagaland,25.4993,94.1192,2007-09-09,77.7,197.0,324.7,74.8,38.7,1484.1,0.56,3,1,real_event,calibrated_climatological
Goalpara,Assam,27.3425,88.6236,2007-09-10,105.6,229.7,440.8,79.8,21.9,20.0,0.58,1,1,real_event,calibrated_climatological
Goalpara,Assam,27.0971,90.4032,2007-09-10,51.7,107.5,228.6,71.5,10.6,41.1,0.56,1,1,real_event,calibrated_climatological
Churachandpur,Manipur,24.2451,94.0691,2007-09-10,39.6,100.9,217.2,69.7,38.7,1045.3,0.48,2,1,real_event,calibrated_climatological
Agartala,Tripura,23.8917,90.9733,2007-09-10,64.6,175.5,362.9,86.5,9.6,20.0,0.46,1,1,real_event,calibrated_climatological
Goalpara,Assam,27.2084,88.4909,2007-09-11,79.1,173.7,310.0,78.7,9.6,20.0,0.59,1,1,real_event,calibrated_climatological
Nongstoin,Meghalaya,25.52,91.27,2007-09-11,103.5,200.5,308.7,76.9,39.4,1365.9,0.49,3,1,real_event,calibrated_climatological
Thoubal,Manipur,24.4279,94.0564,2007-09-11,107.4,244.5,359.8,88.3,12.6,682.9,0.5,1,1,real_event,calibrated_climatological
Guwahati,Assam,26.1833,91.8,2007-09-13,35.7,85.0,181.6,80.7,10.8,120.0,0.51,1,1,real_event,calibrated_climatological
Goalpara,Assam,27.2872,88.2816,2007-09-18,65.6,155.2,284.8,70.7,13.8,20.0,0.5,1,1,real_event,calibrated_climatological
Goalpara,Assam,27.0875,88.4572,2007-09-20,110.2,215.5,334.4,74.6,17.3,20.0,0.54,1,1,real_event,calibrated_climatological
Kamjong,Manipur,23.295,96.7695,2007-09-20,38.3,91.1,134.0,71.7,41.3,1249.1,0.49,2,0,real_negative_sample,calibrated_climatological
Anjaw,Arunachal Pradesh,27.6935,97.1063,2007-09-21,25.2,53.7,113.5,59.2,54.6,2216.5,0.38,2,0,real_negative_sample,calibrated_climatological
Kolasib,Mizoram,24.1293,92.6921,2007-09-29,47.1,115.0,229.6,74.6,29.6,439.4,0.63,2,1,real_event,calibrated_climatological
Tura,Meghalaya,24.5537,90.1405,2007-10-02,8.8,35.5,75.7,65.6,21.1,403.8,0.55,3,0,real_negative_sample,calibrated_climatological
Dimapur,Nagaland,25.6358,93.726,2007-10-06,39.5,83.9,158.2,66.5,5.0,171.3,0.47,1,0,real_negative_sample,calibrated_climatological
Goalpara,Assam,27.1343,88.8763,2007-10-07,43.4,102.1,150.2,56.2,5.0,93.6,0.47,1,0,real_negative_sample,calibrated_climatological
Agartala,Tripura,22.5333,89.4,2007-10-15,17.3,62.7,135.4,79.7,8.0,20.0,0.55,1,1,real_event,calibrated_climatological
Kohima,Nagaland,25.7055,94.0132,2007-10-16,68.6,146.3,296.7,77.8,23.3,1492.9,0.38,3,1,real_event,calibrated_climatological
Agartala,Tripura,22.894,91.5327,2007-10-19,49.1,102.8,202.1,60.9,22.1,20.0,0.5,1,1,real_event,calibrated_climatological
Senapati,Manipur,25.4379,94.1162,2007-10-19,8.0,33.8,94.4,80.0,43.8,1647.0,0.5,2,1,real_event,calibrated_climatological
Tamenglong,Manipur,24.75,93.4333,2007-10-21,8.0,29.4,74.6,75.6,33.8,1327.9,0.53,2,1,real_event,calibrated_climatological
West Garo Hills,Meghalaya,25.8743,89.8228,2007-10-23,71.9,146.2,273.2,58.2,42.9,326.0,0.44,3,0,real_negative_sample,calibrated_climatological
Itanagar,Arunachal Pradesh,27.4782,93.1874,2007-11-14,2.0,22.1,70.9,61.2,38.8,297.8,0.52,2,0,real_negative_sample,calibrated_climatological
Anjaw,Arunachal Pradesh,27.5001,96.6966,2008-01-20,12.1,33.2,72.1,71.7,41.8,2069.0,0.52,2,0,real_negative_sample,calibrated_climatological
Agartala,Tripura,22.498,89.1487,2008-02-28,17.0,53.5,111.8,51.2,10.8,84.8,0.42,1,0,real_negative_sample,calibrated_climatological
Agartala,Tripura,23.062,91.5652,2008-03-01,45.8,103.0,213.6,66.6,5.0,36.3,0.57,1,0,real_negative_sample,calibrated_climatological
Lunglei,Mizoram,22.778,92.436,2008-03-06,18.7,55.7,112.4,62.0,36.7,846.7,0.61,2,0,real_negative_sample,calibrated_climatological
Saiha,Mizoram,22.2113,93.5925,2008-03-21,36.4,70.4,114.9,68.3,36.0,907.8,0.58,2,0,real_negative_sample,calibrated_climatological
Mokokchung,Nagaland,26.272,95.4414,2008-03-23,14.8,35.2,88.4,70.2,35.0,1345.9,0.69,3,0,real_negative_sample,calibrated_climatological
Kamjong,Manipur,24.5603,95.4871,2008-04-18,9.4,36.6,91.0,66.5,38.0,1339.9,0.47,2,0,real_negative_sample,calibrated_climatological
Goalpara,Assam,26.9207,88.4179,2008-05-11,76.0,157.7,283.8,69.5,8.9,105.1,0.44,1,0,real_negative_sample,calibrated_climatological
Agartala,Tripura,24.1626,90.2497,2008-05-12,45.8,90.2,164.1,62.9,8.8,63.9,0.46,1,0,real_negative_sample,calibrated_climatological
Agartala,Tripura,22.6535,88.8111,2008-05-17,74.5,132.5,204.8,64.0,6.5,77.5,0.56,1,0,real_negative_sample,calibrated_climatological
Silchar,Assam,24.9849,92.8411,2008-05-20,86.8,225.2,410.5,89.6,19.5,94.5,0.58,1,1,real_event,calibrated_climatological
Goalpara,Assam,27.6466,89.36,2008-05-21,51.3,114.8,194.8,64.5,17.7,73.4,0.32,1,0,real_negative_sample,calibrated_climatological
Tura,Meghalaya,24.6198,90.3304,2008-05-26,40.7,86.4,138.1,43.6,32.6,436.1,0.54,3,0,real_negative_sample,calibrated_climatological
Anjaw,Arunachal Pradesh,27.9398,96.7324,2008-06-06,102.3,241.6,379.4,65.4,40.6,2184.2,0.51,2,0,real_negative_sample,calibrated_climatological
Goalpara,Assam,26.7969,89.591,2008-06-07,80.7,190.9,287.1,76.2,8.4,27.0,0.4,1,1,real_event,calibrated_climatological
Lunglei,Mizoram,22.7581,92.5788,2008-06-07,44.2,98.6,160.1,80.9,39.1,881.8,0.45,2,0,real_negative_sample,calibrated_climatological
Kamjong,Manipur,24.9057,97.1804,2008-06-08,17.3,57.7,106.5,78.3,34.5,943.3,0.42,2,0,real_negative_sample,calibrated_climatological
Thoubal,Manipur,24.6596,93.9784,2008-06-09,61.6,135.3,228.1,72.8,8.0,674.3,0.54,1,1,real_event,calibrated_climatological
Nagaon,Assam,26.3951,93.2507,2008-06-11,102.3,221.3,364.8,68.9,7.5,118.8,0.67,1,0,real_negative_sample,calibrated_climatological
Kamjong,Manipur,22.9231,96.5016,2008-06-11,149.4,269.0,518.3,86.6,32.2,1309.7,0.3,2,1,real_event,calibrated_climatological
Saiha,Mizoram,22.4046,93.9959,2008-06-12,88.9,189.0,331.0,76.7,19.3,934.3,0.52,2,0,real_negative_sample,calibrated_climatological
Guwahati,Assam,26.377,91.8791,2008-06-13,68.5,164.3,267.8,42.2,10.3,34.3,0.47,1,0,real_negative_sample,calibrated_climatological
Itanagar,Arunachal Pradesh,27.0998,93.6287,2008-06-14,40.7,107.0,208.5,69.4,39.1,466.8,0.5,2,1,real_event,calibrated_climatological
Longding,Arunachal Pradesh,27.427,96.0382,2008-06-14,48.1,110.7,194.4,62.8,37.6,940.3,0.7,2,0,real_negative_sample,calibrated_climatological
Kamjong,Manipur,25.0938,95.0527,2008-06-15,65.9,133.4,204.8,51.2,35.0,1227.6,0.5,2,0,real_negative_sample,calibrated_climatological
Lakhimpur,Assam,27.2298,94.0989,2008-06-15,89.7,244.4,473.3,89.9,12.3,138.9,0.47,1,1,real_event,calibrated_climatological
Churachandpur,Manipur,24.1628,93.693,2008-06-15,51.4,103.5,166.9,84.9,37.3,1023.3,0.57,2,0,real_negative_sample,calibrated_climatological
Serchhip,Mizoram,23.1031,92.8552,2008-06-16,105.1,194.9,386.5,65.9,22.4,1025.2,0.67,2,0,real_negative_sample,calibrated_climatological
Imphal,Manipur,24.9336,93.8275,2008-06-19,122.1,295.7,509.2,83.4,19.0,866.4,0.54,1,1,real_event,calibrated_climatological
West Garo Hills,Meghalaya,26.885,88.2778,2008-06-20,102.9,228.6,457.1,75.1,42.6,340.9,0.38,3,1,real_event,calibrated_climatological
Dimapur,Nagaland,26.3995,93.7497,2008-06-24,24.6,74.5,150.6,66.7,5.0,404.0,0.39,1,0,real_negative_sample,calibrated_climatological
Jorhat,Assam,26.7022,94.5188,2008-06-26,50.2,104.4,169.3,57.5,5.0,105.1,0.45,1,0,real_negative_sample,calibrated_climatological
Tezu,Arunachal Pradesh,27.9574,96.387,2008-06-28,45.2,105.7,183.2,76.5,7.6,197.3,0.55,1,0,real_negative_sample,calibrated_climatological
West Garo Hills,Meghalaya,26.89,88.28,2008-06-29,118.3,266.3,436.4,60.7,44.1,447.9,0.37,3,1,real_event,calibrated_climatological
Goalpara,Assam,27.0771,88.482,2008-06-30,87.6,202.4,362.3,83.2,8.4,140.7,0.61,1,1,real_event,calibrated_climatological
Goalpara,Assam,27.5119,89.6958,2008-07-02,37.3,91.8,159.1,64.9,5.5,108.4,0.54,1,0,real_negative_sample,calibrated_climatological
Thoubal,Manipur,23.6103,95.1389,2008-07-03,54.7,123.6,181.7,80.5,12.4,874.3,0.48,1,0,real_negative_sample,calibrated_climatological
Anjaw,Arunachal Pradesh,28.1464,96.9263,2008-07-05,26.1,60.0,106.7,81.3,35.6,2159.3,0.53,2,0,real_negative_sample,calibrated_climatological
Kamjong,Manipur,24.0115,96.4446,2008-07-06,42.5,87.6,174.2,75.9,38.3,1239.7,0.48,2,0,real_negative_sample,calibrated_climatological
West Garo Hills,Meghalaya,26.6715,88.7816,2008-07-07,94.0,213.5,309.9,67.8,37.9,533.4,0.47,3,0,real_negative_sample,calibrated_climatological
Itanagar,Arunachal Pradesh,29.2685,92.4206,2008-07-08,69.5,131.6,191.3,55.3,37.2,457.0,0.64,2,0,real_negative_sample,calibrated_climatological
Kohima,Nagaland,25.82,93.9949,2008-07-09,119.9,253.0,459.9,80.0,34.5,1318.7,0.53,3,0,real_negative_sample,calibrated_climatological
Serchhip,Mizoram,23.1757,92.9246,2008-07-12,65.2,124.1,209.6,57.7,38.8,1153.8,0.6,2,0,real_negative_sample,calibrated_climatological
Longding,Arunachal Pradesh,26.4785,96.2182,2008-07-15,75.4,177.4,289.9,59.3,42.7,879.7,0.54,2,0,real_negative_sample,calibrated_climatological
Agartala,Tripura,22.8535,90.4085,2008-07-15,81.9,175.8,276.6,63.0,11.6,20.0,0.44,1,0,real_negative_sample,calibrated_climatological
Goalpara,Assam,29.2949,90.726,2008-07-17,90.4,199.3,265.8,67.7,5.0,20.0,0.57,1,0,real_negative_sample,calibrated_climatological
Agartala,Tripura,24.379,91.7355,2008-07-18,89.5,182.4,274.2,51.8,6.7,20.0,0.58,1,0,real_negative_sample,calibrated_climatological
Goalpara,Assam,27.809,89.8696,2008-07-18,45.5,96.9,161.3,81.0,12.4,51.3,0.46,1,0,real_negative_sample,calibrated_climatological
Agartala,Tripura,22.4656,89.651,2008-07-21,105.4,231.3,343.8,54.5,16.7,82.5,0.39,1,0,real_negative_sample,calibrated_climatological
East Jaintia Hills,Meghalaya,25.3553,92.0904,2008-07-28,81.6,189.9,356.8,66.6,32.6,762.2,0.56,3,0,real_negative_sample,calibrated_climatological
Kamjong,Manipur,25.606,96.275,2008-07-30,137.3,330.9,597.8,89.6,41.2,1060.7,0.51,2,1,real_event,calibrated_climatological
Dawki,Meghalaya,24.896,91.9022,2008-08-01,61.3,163.4,274.1,69.6,47.3,515.3,0.39,3,1,real_event,calibrated_climatological
Itanagar,Arunachal Pradesh,29.1659,92.0232,2008-08-01,76.7,176.9,237.1,67.2,38.6,247.0,0.53,2,0,real_negative_sample,calibrated_climatological
Kamjong,Manipur,23.9269,96.5508,2008-08-01,97.4,209.2,402.3,65.7,33.7,1254.6,0.56,2,0,real_negative_sample,calibrated_climatological
Guwahati,Assam,26.5585,92.107,2008-08-02,54.8,130.4,255.2,52.5,5.0,20.0,0.51,1,0,real_negative_sample,calibrated_climatological
Agartala,Tripura,23.207,90.558,2008-08-03,63.1,148.3,237.3,87.5,8.2,20.0,0.63,1,0,real_negative_sample,calibrated_climatological
Tezu,Arunachal Pradesh,28.4598,96.1055,2008-08-05,50.6,102.3,189.9,53.8,13.0,243.4,0.58,1,0,real_negative_sample,calibrated_climatological
West Garo Hills,Meghalaya,25.2486,89.8732,2008-08-07,65.0,120.2,196.9,61.2,35.5,233.7,0.58,3,0,real_negative_sample,calibrated_climatological
Kohima,Nagaland,25.705,94.04,2008-08-07,91.5,214.4,327.6,78.5,28.7,1487.2,0.38,3,1,real_event,calibrated_climatological
Nagaon,Assam,26.4447,93.0907,2008-08-08,62.8,152.0,261.3,58.2,17.2,169.1,0.45,1,0,real_negative_sample,calibrated_climatological
Champhai,Mizoram,22.2706,95.4562,2008-08-11,145.3,244.0,438.8,53.1,29.4,980.2,0.38,2,0,real_negative_sample,calibrated_climatological
Champhai,Mizoram,23.0669,94.212,2008-08-12,33.0,70.6,161.5,77.2,22.8,1088.1,0.46,2,0,real_negative_sample,calibrated_climatological
Phek,Nagaland,25.7002,95.8125,2008-08-12,97.7,170.6,280.0,75.8,24.7,1658.0,0.45,3,0,real_negative_sample,calibrated_climatological
Lakhimpur,Assam,27.163,94.0,2008-08-14,89.8,227.7,409.9,84.1,8.0,112.4,0.74,1,1,real_event,calibrated_climatological
Kamjong,Manipur,22.9,96.48,2008-08-16,100.0,200.0,365.5,81.8,36.4,1220.6,0.33,2,1,real_event,calibrated_climatological
Lunglei,Mizoram,22.3421,91.8242,2008-08-18,88.1,226.1,368.0,54.7,43.6,990.3,0.43,2,1,real_event,calibrated_climatological
Mokokchung,Nagaland,26.138,94.25,2008-08-19,34.7,99.7,186.3,87.8,25.0,1305.0,0.53,3,1,real_event,calibrated_climatological
Tura,Meghalaya,23.5803,88.54,2008-08-23,61.7,115.6,199.0,55.1,36.8,292.6,0.64,3,0,real_negative_sample,calibrated_climatological
Kamjong,Manipur,25.1188,95.1079,2008-08-23,73.6,181.0,359.7,61.3,16.3,1145.0,0.42,2,0,real_negative_sample,calibrated_climatological
Lunglei,Mizoram,22.344,91.8188,2008-08-23,160.0,353.6,568.9,79.7,40.8,1042.6,0.62,2,1,real_event,calibrated_climatological
Diphu,Assam,26.2682,93.3537,2008-08-26,111.8,201.8,318.0,66.0,12.9,271.6,0.6,1,0,real_negative_sample,calibrated_climatological
Agartala,Tripura,22.219,90.2865,2008-08-26,50.2,100.0,168.8,77.2,7.4,20.0,0.65,1,0,real_negative_sample,calibrated_climatological
Jorhat,Assam,26.6306,94.2964,2008-08-26,56.8,124.8,247.7,49.3,9.9,138.4,0.73,1,0,real_negative_sample,calibrated_climatological
Dimapur,Nagaland,26.4129,93.7389,2008-08-27,8.0,38.0,87.2,70.4,5.0,203.6,0.54,1,0,real_negative_sample,calibrated_climatological
Goalpara,Assam,27.337,88.609,2008-08-28,12.0,44.1,112.2,64.1,10.5,20.0,0.61,1,1,real_event,calibrated_climatological
Goalpara,Assam,27.05,90.8,2008-08-29,60.0,122.4,219.4,67.6,11.4,20.0,0.4,1,1,real_event,calibrated_climatological
Kohima,Nagaland,25.67,94.1066,2008-08-29,173.9,375.4,667.8,91.0,33.5,1401.3,0.58,3,1,real_event,calibrated_climatological
Itanagar,Arunachal Pradesh,28.4119,92.342,2008-09-02,111.7,197.0,365.5,59.1,37.6,350.4,0.36,2,0,real_negative_sample,calibrated_climatological
Agartala,Tripura,23.6135,90.0024,2008-09-08,9.2,39.3,84.1,69.4,14.0,79.6,0.4,1,0,real_negative_sample,calibrated_climatological
Nagaon,Assam,26.3853,92.6132,2008-09-11,34.3,71.5,138.8,57.0,10.2,20.0,0.54,1,0,real_negative_sample,calibrated_climatological
Guwahati,Assam,26.5743,91.9683,2008-09-15,5.0,37.5,95.2,59.6,5.0,179.2,0.54,1,0,real_negative_sample,calibrated_climatological
Kamjong,Manipur,24.3765,95.5921,2008-09-17,67.4,128.4,178.2,59.4,40.6,1139.3,0.67,2,0,real_negative_sample,calibrated_climatological
Goalpara,Assam,28.9983,88.3479,2008-09-19,52.9,124.5,190.3,61.2,12.0,20.0,0.63,1,0,real_negative_sample,calibrated_climatological
Dibrugarh,Assam,27.6965,94.7386,2008-09-24,50.5,113.7,174.2,71.7,5.5,179.9,0.58,1,0,real_negative_sample,calibrated_climatological
Karimganj,Assam,24.4738,91.7154,2008-10-04,40.1,100.1,167.8,70.1,5.0,20.0,0.41,1,0,real_negative_sample,calibrated_climatological
Agartala,Tripura,23.4094,89.4399,2008-10-05,54.3,130.4,260.6,60.3,5.4,20.0,0.43,1,0,real_negative_sample,calibrated_climatological
Goalpara,Assam,28.6897,90.4479,2008-10-10,51.0,109.6,194.6,81.1,7.4,101.5,0.43,1,0,real_negative_sample,calibrated_climatological
Itanagar,Arunachal Pradesh,28.5084,92.4863,2008-10-12,5.0,31.4,94.6,60.0,34.7,307.2,0.45,2,0,real_negative_sample,calibrated_climatological
Champhai,Mizoram,22.6825,96.0433,2008-10-18,67.7,129.7,228.2,61.4,19.2,998.5,0.33,2,0,real_negative_sample,calibrated_climatological
Champhai,Mizoram,23.2866,93.7629,2008-10-19,68.6,127.2,226.6,67.3,29.5,972.6,0.72,2,0,real_negative_sample,calibrated_climatological
Guwahati,Assam,26.3333,91.25,2008-10-29,99.5,225.2,370.0,79.5,8.0,117.1,0.55,1,1,real_event,calibrated_climatological
Lakhimpur,Assam,27.2333,94.1167,2008-10-29,41.9,89.3,183.7,90.5,14.4,226.3,0.48,1,1,real_event,calibrated_climatological
Nagaon,Assam,27.4,92.35,2008-10-29,64.0,131.5,216.2,82.0,10.3,104.2,0.47,1,1,real_event,calibrated_climatological
Saiha,Mizoram,22.2458,92.5646,2008-11-03,20.0,41.8,84.5,71.1,46.4,1004.9,0.45,2,0,real_negative_sample,calibrated_climatological
West Garo Hills,Meghalaya,25.3742,89.5229,2008-12-28,7.7,35.6,80.4,73.9,28.1,459.6,0.49,3,0,real_negative_sample,calibrated_climatological
Diphu,Assam,25.8389,93.3774,2009-01-19,24.4,62.6,104.4,47.7,14.8,380.5,0.63,1,0,real_negative_sample,calibrated_climatological
Agartala,Tripura,23.2299,91.2748,2009-04-28,23.8,57.0,101.1,60.1,10.3,20.0,0.5,1,0,real_negative_sample,calibrated_climatological
Nagaon,Assam,26.6188,92.2779,2009-05-07,33.2,87.1,153.8,82.6,15.1,20.0,0.53,1,0,real_negative_sample,calibrated_climatological
Goalpara,Assam,28.4162,91.211,2009-05-08,39.2,72.6,113.3,72.3,5.0,30.5,0.46,1,0,real_negative_sample,calibrated_climatological
Cherrapunji,Meghalaya,24.6182,91.3173,2009-05-15,19.6,48.4,96.5,59.4,31.1,1347.3,0.43,3,0,real_negative_sample,calibrated_climatological
Agartala,Tripura,24.3083,91.7333,2009-05-18,57.2,134.3,281.1,78.0,8.0,20.0,0.46,1,1,real_event,calibrated_climatological
Goalpara,Assam,27.0436,88.2652,2009-05-26,24.2,61.7,108.0,90.3,8.0,23.1,0.49,1,1,real_event,calibrated_climatological
Goalpara,Assam,27.0095,88.2592,2009-05-26,57.1,137.3,273.1,92.6,15.9,137.8,0.63,1,1,real_event,calibrated_climatological
West Garo Hills,Meghalaya,26.8836,88.2791,2009-05-26,37.1,103.5,185.9,76.9,49.2,539.0,0.51,3,1,real_event,calibrated_climatological
Champhai,Mizoram,22.831,93.9256,2009-06-09,40.0,113.6,153.5,70.9,28.7,885.5,0.49,2,0,real_negative_sample,calibrated_climatological
Aizawl,Mizoram,23.5665,92.95,2009-06-13,56.6,121.7,232.7,64.1,42.7,1213.3,0.46,2,0,real_negative_sample,calibrated_climatological
Goalpara,Assam,26.89,88.47,2009-06-17,84.0,152.7,272.3,64.9,8.0,20.0,0.37,1,1,real_event,calibrated_climatological
Saiha,Mizoram,22.3862,93.6173,2009-06-18,71.9,180.1,308.3,81.1,34.5,878.4,0.75,2,0,real_negative_sample,calibrated_climatological
Goalpara,Assam,27.9052,88.31,2009-06-19,59.9,112.7,208.2,75.4,15.3,20.0,0.56,1,0,real_negative_sample,calibrated_climatological
Longding,Arunachal Pradesh,27.2934,96.0909,2009-06-23,73.8,156.5,264.0,60.6,45.1,918.0,0.39,2,0,real_negative_sample,calibrated_climatological
Saiha,Mizoram,22.7472,93.3226,2009-06-25,110.1,246.2,367.0,57.4,32.8,950.4,0.66,2,0,real_negative_sample,calibrated_climatological
Tezu,Arunachal Pradesh,27.3804,96.276,2009-06-28,74.9,173.6,253.8,70.0,15.7,315.2,0.62,1,0,real_negative_sample,calibrated_climatological
Goalpara,Assam,27.478,88.527,2009-07-01,117.3,233.5,467.8,60.9,10.0,29.5,0.53,1,1,real_event,calibrated_climatological
Champhai,Mizoram,22.4156,96.5794,2009-07-01,8.0,29.9,68.2,71.5,35.5,1153.5,0.66,2,0,real_negative_sample,calibrated_climatological
Champhai,Mizoram,22.8859,95.7185,2009-07-02,42.8,82.4,168.8,76.8,26.5,1089.3,0.58,2,0,real_negative_sample,calibrated_climatological
West Garo Hills,Meghalaya,26.8732,88.2918,2009-07-03,91.0,175.4,267.3,78.1,45.4,283.7,0.43,3,1,real_event,calibrated_climatological
Upper Siang,Arunachal Pradesh,29.0819,95.3994,2009-07-03,36.2,88.1,150.9,71.9,30.8,1656.8,0.51,2,0,real_negative_sample,calibrated_climatological
Longding,Arunachal Pradesh,26.026,97.3715,2009-07-04,48.8,106.0,171.5,86.3,34.1,926.2,0.41,2,1,real_event,calibrated_climatological
Guwahati,Assam,27.7404,91.7989,2009-07-04,47.1,90.4,144.8,82.9,13.9,190.9,0.58,1,0,real_negative_sample,calibrated_climatological
Dibrugarh,Assam,27.4886,94.7813,2009-07-07,77.4,128.9,199.1,58.6,12.6,101.5,0.57,1,0,real_negative_sample,calibrated_climatological
Goalpara,Assam,28.2311,90.7782,2009-07-11,86.0,161.5,240.6,77.8,5.8,76.5,0.54,1,0,real_negative_sample,calibrated_climatological
Anjaw,Arunachal Pradesh,28.7441,96.3336,2009-07-12,25.0,71.5,137.6,65.1,34.9,1969.7,0.54,2,0,real_negative_sample,calibrated_climatological
Kamjong,Manipur,25.4864,96.6258,2009-07-17,26.6,57.8,130.5,80.8,32.2,1180.3,0.53,2,0,real_negative_sample,calibrated_climatological
Kamjong,Manipur,25.2841,95.5566,2009-07-19,54.6,100.9,158.4,60.4,36.9,1252.8,0.53,2,0,real_negative_sample,calibrated_climatological
West Garo Hills,Meghalaya,26.8572,88.3143,2009-07-22,143.9,248.3,456.0,76.2,40.0,316.6,0.62,3,1,real_event,calibrated_climatological
Goalpara,Assam,27.04,88.264,2009-07-22,91.6,213.5,366.4,75.7,10.1,20.0,0.38,1,1,real_event,calibrated_climatological
West Garo Hills,Meghalaya,26.8826,88.2788,2009-07-22,90.3,224.6,434.8,80.3,38.7,284.2,0.48,3,1,real_event,calibrated_climatological
Upper Siang,Arunachal Pradesh,28.5171,93.5788,2009-07-23,111.8,187.8,339.2,63.7,49.9,1635.5,0.59,2,0,real_negative_sample,calibrated_climatological
Anjaw,Arunachal Pradesh,27.5462,96.8911,2009-07-28,8.0,23.5,50.9,60.2,37.4,2070.6,0.37,2,0,real_negative_sample,calibrated_climatological
Saiha,Mizoram,22.2251,92.19,2009-07-31,71.9,163.6,303.9,87.5,19.2,835.9,0.61,2,1,real_event,calibrated_climatological
Upper Siang,Arunachal Pradesh,28.5229,94.3518,2009-08-03,76.1,171.6,311.6,56.7,42.9,1766.5,0.36,2,0,real_negative_sample,calibrated_climatological
Tamenglong,Manipur,24.877,93.5866,2009-08-06,79.4,148.7,228.4,56.4,36.6,1399.9,0.55,2,0,real_negative_sample,calibrated_climatological
Champhai,Mizoram,23.4463,93.4935,2009-08-09,99.9,195.7,281.6,55.6,38.7,1006.2,0.48,2,0,real_negative_sample,calibrated_climatological
Phek,Nagaland,25.7633,94.5842,2009-08-09,55.5,132.0,208.8,67.2,20.0,1619.8,0.59,3,0,real_negative_sample,calibrated_climatological
Jorhat,Assam,26.8471,94.7974,2009-08-12,77.8,162.3,237.5,67.5,5.0,103.7,0.59,1,0,real_negative_sample,calibrated_climatological
Itanagar,Arunachal Pradesh,27.7,92.8,2009-08-12,70.1,144.5,301.3,69.8,35.3,380.1,0.64,2,1,real_event,calibrated_climatological
Longding,Arunachal Pradesh,26.8831,96.4372,2009-08-13,34.6,81.2,126.7,56.4,51.1,955.7,0.37,2,0,real_negative_sample,calibrated_climatological
Lunglei,Mizoram,22.604,91.8533,2009-08-14,76.8,155.2,275.8,64.2,37.8,983.3,0.45,2,0,real_negative_sample,calibrated_climatological
West Garo Hills,Meghalaya,26.8821,88.3195,2009-08-16,15.2,41.1,102.3,78.5,36.7,255.4,0.41,3,1,real_event,calibrated_climatological
West Garo Hills,Meghalaya,26.9599,88.268,2009-08-16,94.1,204.1,401.1,81.7,35.0,372.1,0.42,3,1,real_event,calibrated_climatological
West Garo Hills,Meghalaya,26.7445,88.4001,2009-08-16,62.2,163.5,309.9,58.0,43.0,294.5,0.42,3,1,real_event,calibrated_climatological
West Garo Hills,Meghalaya,26.8868,88.2804,2009-08-16,33.6,96.7,182.3,77.9,39.3,362.4,0.41,3,1,real_event,calibrated_climatological
Goalpara,Assam,27.1598,88.6341,2009-08-16,108.6,209.9,376.9,77.7,19.7,40.8,0.66,1,1,real_event,calibrated_climatological
Goalpara,Assam,27.0246,88.4385,2009-08-16,66.7,129.5,258.0,70.9,8.0,61.3,0.45,1,1,real_event,calibrated_climatological
West Garo Hills,Meghalaya,26.7914,88.363,2009-08-16,54.9,114.4,240.5,69.2,42.7,396.6,0.46,3,1,real_event,calibrated_climatological
Goalpara,Assam,28.2109,88.4524,2009-08-18,75.7,142.1,207.6,72.4,12.3,81.3,0.5,1,0,real_negative_sample,calibrated_climatological
Goalpara,Assam,27.044,89.5744,2009-08-18,70.0,154.8,291.0,71.5,8.0,98.4,0.45,1,1,real_event,calibrated_climatological
Upper Siang,Arunachal Pradesh,29.2239,93.2468,2009-08-18,36.2,79.1,142.6,69.6,41.7,1668.8,0.52,2,0,real_negative_sample,calibrated_climatological
Goalpara,Assam,26.8928,89.4497,2009-08-18,112.4,283.2,479.2,82.3,17.5,119.0,0.54,1,1,real_event,calibrated_climatological
West Garo Hills,Meghalaya,26.8042,88.125,2009-08-19,97.6,207.7,419.4,70.6,41.0,289.9,0.52,3,1,real_event,calibrated_climatological
Goalpara,Assam,27.2644,88.1365,2009-08-19,157.8,331.7,656.3,72.6,8.9,20.0,0.57,1,1,real_event,calibrated_climatological
Goalpara,Assam,27.0736,88.4779,2009-08-20,92.7,198.5,390.9,77.6,8.0,102.1,0.59,1,1,real_event,calibrated_climatological
West Garo Hills,Meghalaya,26.8992,88.1667,2009-08-20,38.5,89.6,148.6,71.7,43.0,325.1,0.67,3,1,real_event,calibrated_climatological
West Garo Hills,Meghalaya,26.8841,88.2809,2009-08-20,125.0,277.7,530.8,64.7,42.7,268.4,0.49,3,1,real_event,calibrated_climatological
Goalpara,Assam,27.1761,88.5287,2009-08-20,126.8,277.7,513.7,67.1,8.0,20.0,0.47,1,1,real_event,calibrated_climatological
Diphu,Assam,25.5215,93.1645,2009-08-20,86.4,199.6,398.2,82.2,17.5,415.2,0.42,1,1,real_event,calibrated_climatological
Goalpara,Assam,27.1344,88.4575,2009-08-20,97.0,191.0,341.6,57.7,14.2,48.3,0.43,1,1,real_event,calibrated_climatological
Tamenglong,Manipur,24.9925,93.5,2009-08-20,156.0,308.0,569.5,72.2,42.7,1336.9,0.62,2,1,real_event,calibrated_climatological
Agartala,Tripura,22.6365,89.9365,2009-08-24,81.6,146.3,263.3,54.0,13.5,20.0,0.4,1,0,real_negative_sample,calibrated_climatological
Upper Siang,Arunachal Pradesh,29.2441,93.3367,2009-08-25,35.3,88.7,162.9,71.7,43.7,1551.7,0.5,2,0,real_negative_sample,calibrated_climatological
Goalpara,Assam,27.3746,88.7648,2009-08-26,72.7,156.3,289.2,87.1,12.3,107.3,0.45,1,1,real_event,calibrated_climatological
Champhai,Mizoram,22.7492,95.7325,2009-08-26,46.5,120.8,213.8,72.1,25.6,1101.8,0.66,2,0,real_negative_sample,calibrated_climatological
Anjaw,Arunachal Pradesh,28.9831,96.7094,2009-08-27,75.3,163.1,249.5,62.6,33.1,2020.3,0.48,2,0,real_negative_sample,calibrated_climatological
Jiribam,Manipur,25.1718,93.123,2009-08-27,87.2,190.3,341.4,69.3,31.8,791.6,0.55,2,1,real_event,calibrated_climatological
Longding,Arunachal Pradesh,27.4019,95.4938,2009-08-28,108.7,257.4,418.6,64.6,34.1,926.3,0.41,2,0,real_negative_sample,calibrated_climatological
Ukhrul,Manipur,24.8628,94.4182,2009-08-30,62.0,165.3,302.0,81.7,41.5,1839.9,0.49,3,1,real_event,calibrated_climatological
Goalpara,Assam,27.6424,91.1341,2009-09-09,49.0,96.5,183.8,60.7,10.0,44.4,0.61,1,0,real_negative_sample,calibrated_climatological
Longding,Arunachal Pradesh,26.6693,96.024,2009-09-14,54.7,107.3,201.5,62.5,34.7,931.1,0.41,2,0,real_negative_sample,calibrated_climatological
Phek,Nagaland,25.7088,96.133,2009-09-15,43.2,93.0,200.8,67.8,30.7,1564.4,0.55,3,0,real_negative_sample,calibrated_climatological
Nagaon,Assam,27.3952,91.9523,2009-09-17,69.1,133.4,247.7,68.5,5.0,150.0,0.63,1,0,real_negative_sample,calibrated_climatological
Goalpara,Assam,27.1954,88.6115,2009-09-17,88.9,215.9,388.3,71.4,12.9,62.9,0.59,1,1,real_event,calibrated_climatological
West Garo Hills,Meghalaya,26.8342,88.2798,2009-09-18,39.4,93.7,205.3,76.1,43.0,91.7,0.41,3,1,real_event,calibrated_climatological
Phek,Nagaland,25.7697,95.0841,2009-09-20,52.2,123.6,232.8,78.9,26.4,1725.1,0.52,3,0,real_negative_sample,calibrated_climatological
Agartala,Tripura,22.3152,90.8621,2009-09-27,40.7,88.9,164.1,89.3,9.7,20.0,0.5,1,0,real_negative_sample,calibrated_climatological
West Garo Hills,Meghalaya,25.2283,88.4287,2009-10-04,65.2,138.5,219.8,73.7,39.3,385.6,0.57,3,0,real_negative_sample,calibrated_climatological
Karimganj,Assam,24.9072,92.4697,2009-10-04,25.4,53.4,96.0,69.1,9.5,64.3,0.51,1,0,real_negative_sample,calibrated_climatological
Aizawl,Mizoram,23.7348,92.7212,2009-10-05,92.5,196.9,377.0,69.8,31.0,1058.5,0.63,2,1,real_event,calibrated_climatological
Upper Siang,Arunachal Pradesh,29.0829,95.0984,2009-10-05,36.2,104.1,172.1,60.2,38.5,1761.4,0.41,2,0,real_negative_sample,calibrated_climatological
Goalpara,Assam,27.0524,90.4997,2009-10-06,63.3,155.5,304.4,63.2,15.1,193.6,0.46,1,1,real_event,calibrated_climatological
Goalpara,Assam,27.3144,89.545,2009-10-15,41.1,100.8,208.8,72.9,8.0,27.8,0.6,1,1,real_event,calibrated_climatological
Ukhrul,Manipur,25.2631,94.4104,2009-10-17,60.5,128.0,226.9,61.0,40.1,1687.0,0.68,3,0,real_negative_sample,calibrated_climatological
West Garo Hills,Meghalaya,25.342,88.567,2009-10-22,41.7,92.4,164.3,49.8,48.9,316.5,0.59,3,0,real_negative_sample,calibrated_climatological
Kamjong,Manipur,25.139,95.3415,2009-10-26,23.3,61.3,123.2,59.3,36.6,1369.5,0.52,2,0,real_negative_sample,calibrated_climatological
West Garo Hills,Meghalaya,25.6978,89.0308,2009-12-02,46.9,105.5,204.7,86.3,41.8,298.7,0.51,3,0,real_negative_sample,calibrated_climatological
Upper Siang,Arunachal Pradesh,28.6708,94.5729,2010-01-27,17.3,42.2,103.3,66.4,44.9,1596.1,0.62,2,0,real_negative_sample,calibrated_climatological
Lunglei,Mizoram,22.652,92.0756,2010-03-04,44.5,115.7,219.4,65.3,33.3,944.9,0.64,2,0,real_negative_sample,calibrated_climatological
Kamjong,Manipur,22.8412,96.6885,2010-03-04,12.9,43.1,105.0,55.0,38.8,1115.0,0.51,2,0,real_negative_sample,calibrated_climatological
Imphal,Manipur,24.7339,93.9161,2010-03-27,23.1,76.0,141.3,78.2,12.9,865.3,0.36,1,1,real_event,calibrated_climatological
Jiribam,Manipur,25.1553,93.028,2010-04-01,5.0,23.7,68.8,63.3,32.8,567.6,0.46,2,1,real_event,calibrated_climatological
Itanagar,Arunachal Pradesh,27.8997,93.3497,2010-04-02,31.3,88.4,194.3,74.6,32.2,346.4,0.5,2,1,real_event,calibrated_climatological
Kamjong,Manipur,24.7087,94.6649,2010-04-12,24.3,60.5,138.1,68.5,37.8,1260.3,0.62,2,0,real_negative_sample,calibrated_climatological
Goalpara,Assam,27.322,88.6087,2010-04-17,46.6,119.4,252.1,77.0,13.9,38.7,0.5,1,1,real_event,calibrated_climatological
Goalpara,Assam,27.3341,88.6083,2010-04-17,7.2,43.0,119.5,85.2,13.8,20.0,0.46,1,1,real_event,calibrated_climatological
Guwahati,Assam,26.1965,91.763,2010-04-20,38.6,89.7,166.0,62.4,8.0,20.0,0.63,1,1,real_event,calibrated_climatological
Guwahati,Assam,26.1978,91.7665,2010-04-20,39.5,90.3,179.7,82.3,12.7,48.7,0.51,1,1,real_event,calibrated_climatological
Tezu,Arunachal Pradesh,27.8965,96.1779,2010-04-21,45.9,91.1,194.8,73.7,17.5,217.4,0.4,1,1,real_event,calibrated_climatological
East Jaintia Hills,Meghalaya,25.3612,92.2845,2010-04-21,30.2,81.6,151.7,77.5,42.6,657.4,0.37,3,1,real_event,calibrated_climatological
Kamjong,Manipur,24.7446,97.1582,2010-05-07,30.3,65.9,118.5,71.6,42.5,1186.6,0.39,2,0,real_negative_sample,calibrated_climatological
East Jaintia Hills,Meghalaya,25.3433,92.2897,2010-05-11,65.7,145.3,272.1,83.7,48.6,780.1,0.61,3,1,real_event,calibrated_climatological
Tura,Meghalaya,24.4228,89.8906,2010-05-15,19.8,60.2,111.9,74.8,25.9,359.6,0.57,3,0,real_negative_sample,calibrated_climatological
Goalpara,Assam,27.416,88.3729,2010-05-16,24.5,68.2,155.3,53.1,7.7,52.8,0.46,1,0,real_negative_sample,calibrated_climatological
Goalpara,Assam,27.2196,89.5188,2010-05-20,100.6,270.0,496.2,72.9,14.6,92.2,0.59,1,1,real_event,calibrated_climatological
Goalpara,Assam,27.219,89.5188,2010-05-21,59.4,146.9,241.6,78.3,11.8,64.4,0.39,1,1,real_event,calibrated_climatological
Goalpara,Assam,27.3543,88.6428,2010-05-31,43.8,120.7,217.4,62.1,18.6,149.8,0.38,1,1,real_event,calibrated_climatological
Tezu,Arunachal Pradesh,28.4298,95.8776,2010-05-31,101.4,244.6,417.4,59.7,14.9,175.4,0.53,1,1,real_event,calibrated_climatological
Diphu,Assam,25.7186,92.8553,2010-06-02,58.9,106.2,179.6,66.3,16.4,397.2,0.51,1,0,real_negative_sample,calibrated_climatological
Agartala,Tripura,23.8986,91.7599,2010-06-03,98.1,195.4,381.5,82.8,17.8,20.0,0.58,1,1,real_event,calibrated_climatological
Hailakandi,Assam,24.6005,92.3814,2010-06-03,41.5,92.3,195.5,85.5,22.2,20.0,0.3,1,1,real_event,calibrated_climatological
Nagaon,Assam,26.1215,92.4261,2010-06-04,46.6,109.0,166.1,61.8,6.4,38.8,0.57,1,0,real_negative_sample,calibrated_climatological
Lunglei,Mizoram,22.9353,92.8118,2010-06-06,104.4,237.6,339.4,68.0,45.1,1021.9,0.66,2,0,real_negative_sample,calibrated_climatological
Tamenglong,Manipur,24.7543,93.5039,2010-06-07,63.2,169.5,250.2,72.9,42.1,1285.7,0.51,2,1,real_event,calibrated_climatological
Nongstoin,Meghalaya,25.8833,91.2,2010-06-09,100.5,258.4,495.4,76.7,37.3,1336.5,0.61,3,1,real_event,calibrated_climatological
Kamjong,Manipur,24.7554,96.9778,2010-06-10,121.2,258.3,416.3,84.1,23.8,1276.4,0.55,2,0,real_negative_sample,calibrated_climatological
Goalpara,Assam,27.8785,88.3403,2010-06-10,47.4,95.4,174.7,70.9,13.1,56.8,0.55,1,0,real_negative_sample,calibrated_climatological
Itanagar,Arunachal Pradesh,27.2251,92.9257,2010-06-10,66.7,120.0,196.2,68.6,35.4,282.1,0.59,2,0,real_negative_sample,calibrated_climatological
Goalpara,Assam,26.944,88.4441,2010-06-11,45.8,111.5,190.3,50.0,12.3,29.5,0.6,1,1,real_event,calibrated_climatological
Saiha,Mizoram,22.0,92.3333,2010-06-15,102.6,214.1,398.7,77.8,38.0,926.4,0.56,2,1,real_event,calibrated_climatological
Tamenglong,Manipur,25.2269,93.1658,2010-06-15,85.0,206.8,393.1,69.7,43.7,1170.4,0.71,2,1,real_event,calibrated_climatological
Mokokchung,Nagaland,26.3335,94.5512,2010-06-15,116.8,268.6,469.9,69.9,34.2,1314.6,0.38,3,1,real_event,calibrated_climatological
Champhai,Mizoram,23.4634,94.6297,2010-06-15,79.3,186.5,291.8,53.4,25.4,926.2,0.54,2,0,real_negative_sample,calibrated_climatological
West Garo Hills,Meghalaya,26.8073,88.3162,2010-06-16,123.3,326.1,583.6,63.9,50.1,409.0,0.65,3,1,real_event,calibrated_climatological
Silchar,Assam,25.0633,92.8025,2010-06-16,159.4,359.5,671.9,65.2,15.8,156.8,0.35,1,1,real_event,calibrated_climatological
Goalpara,Assam,27.0765,88.4808,2010-06-16,166.7,309.5,603.9,82.1,10.2,81.1,0.58,1,1,real_event,calibrated_climatological
Upper Siang,Arunachal Pradesh,28.8946,94.6721,2010-06-16,75.1,159.1,310.2,79.0,45.0,1673.4,0.38,2,0,real_negative_sample,calibrated_climatological
Mokokchung,Nagaland,26.4333,94.8833,2010-06-17,99.3,198.2,349.7,90.0,30.6,1394.9,0.41,3,1,real_event,calibrated_climatological
Itanagar,Arunachal Pradesh,28.8957,92.6435,2010-06-18,63.8,150.9,235.3,67.9,37.7,394.6,0.52,2,0,real_negative_sample,calibrated_climatological
Agartala,Tripura,22.8278,89.4653,2010-06-19,22.2,62.5,116.8,62.7,6.5,20.0,0.69,1,0,real_negative_sample,calibrated_climatological
Itanagar,Arunachal Pradesh,28.2968,91.9986,2010-06-21,36.2,101.5,183.3,77.8,45.3,303.7,0.33,2,0,real_negative_sample,calibrated_climatological
Nongstoin,Meghalaya,25.4916,91.2698,2010-06-28,91.9,212.0,426.9,95.0,22.9,1356.3,0.6,3,1,real_event,calibrated_climatological
Upper Siang,Arunachal Pradesh,28.7392,95.0677,2010-06-28,57.0,144.4,291.1,68.8,32.7,1648.8,0.58,2,0,real_negative_sample,calibrated_climatological
Shillong,Meghalaya,25.5728,91.885,2010-06-28,110.2,268.6,497.8,81.9,17.4,1474.2,0.3,3,1,real_event,calibrated_climatological
Cherrapunji,Meghalaya,24.9938,91.5959,2010-07-01,34.9,103.9,173.1,55.4,43.3,1232.0,0.57,3,0,real_negative_sample,calibrated_climatological
Pasighat,Arunachal Pradesh,27.9406,95.306,2010-07-02,63.8,118.8,175.9,56.1,36.2,171.7,0.69,2,0,real_negative_sample,calibrated_climatological
Agartala,Tripura,23.3045,89.293,2010-07-03,139.9,238.9,342.1,57.6,11.2,20.0,0.55,1,0,real_negative_sample,calibrated_climatological
West Garo Hills,Meghalaya,26.8712,88.3052,2010-07-04,75.8,161.1,297.0,77.3,35.0,284.8,0.61,3,1,real_event,calibrated_climatological
Ri Bhoi,Meghalaya,25.5959,92.1771,2010-07-04,20.6,66.2,125.5,67.0,30.4,605.4,0.54,3,0,real_negative_sample,calibrated_climatological
Phek,Nagaland,25.8877,94.7861,2010-07-06,117.1,240.8,416.2,76.5,30.6,1445.6,0.43,3,1,real_event,calibrated_climatological
Mokokchung,Nagaland,26.7225,95.0281,2010-07-06,42.9,93.3,159.5,69.8,31.7,1284.6,0.43,3,1,real_event,calibrated_climatological
Kamjong,Manipur,23.3966,96.5717,2010-07-06,89.8,195.9,311.1,62.7,34.3,1336.3,0.56,2,0,real_negative_sample,calibrated_climatological
Mokokchung,Nagaland,26.2363,94.8133,2010-07-06,90.7,191.4,364.3,68.2,32.7,1297.1,0.56,3,1,real_event,calibrated_climatological
Mokokchung,Nagaland,26.0093,94.5238,2010-07-06,63.6,122.3,206.5,83.8,41.5,1329.9,0.34,3,1,real_event,calibrated_climatological
West Garo Hills,Meghalaya,25.2091,88.87,2010-07-06,72.1,148.3,232.1,72.5,23.2,284.2,0.33,3,0,real_negative_sample,calibrated_climatological
Guwahati,Assam,27.6732,91.7903,2010-07-06,82.9,190.9,270.7,70.9,11.4,20.0,0.39,1,0,real_negative_sample,calibrated_climatological
Itanagar,Arunachal Pradesh,28.6122,92.903,2010-07-08,116.2,223.3,402.6,66.9,35.5,385.2,0.5,2,0,real_negative_sample,calibrated_climatological
Diphu,Assam,25.7202,92.8139,2010-07-09,105.2,237.3,373.2,66.8,26.1,371.7,0.45,1,0,real_negative_sample,calibrated_climatological
Goalpara,Assam,28.1676,90.4244,2010-07-11,38.7,81.2,136.7,65.1,13.9,20.0,0.49,1,0,real_negative_sample,calibrated_climatological
Goalpara,Assam,27.2178,89.5192,2010-07-13,85.7,190.1,325.8,77.3,12.9,148.2,0.47,1,1,real_event,calibrated_climatological
Kamjong,Manipur,23.4025,96.8156,2010-07-14,53.7,121.9,203.1,82.7,39.4,1203.2,0.56,2,0,real_negative_sample,calibrated_climatological
Agartala,Tripura,23.2647,91.5995,2010-07-14,82.4,151.8,268.4,73.2,5.0,49.5,0.39,1,0,real_negative_sample,calibrated_climatological
Agartala,Tripura,24.344,90.4004,2010-07-15,94.3,204.7,289.7,72.9,5.0,20.0,0.51,1,0,real_negative_sample,calibrated_climatological
Kamjong,Manipur,25.6167,96.3167,2010-07-15,144.1,372.9,624.5,59.9,37.4,1330.3,0.49,2,1,real_event,calibrated_climatological
Kamjong,Manipur,24.7006,95.8962,2010-07-17,57.3,106.9,188.4,65.2,30.4,1184.4,0.32,2,0,real_negative_sample,calibrated_climatological
Guwahati,Assam,26.1876,91.6703,2010-07-17,102.2,233.4,428.3,53.8,5.0,74.8,0.47,1,0,real_negative_sample,calibrated_climatological
Mokokchung,Nagaland,26.7215,95.0283,2010-07-19,105.2,209.8,339.0,68.3,28.1,1368.2,0.43,3,1,real_event,calibrated_climatological
Dibrugarh,Assam,26.8716,94.9921,2010-07-20,69.5,152.6,290.9,65.2,8.0,51.4,0.43,1,1,real_event,calibrated_climatological
Goalpara,Assam,27.3773,88.559,2010-07-21,52.9,121.6,201.9,61.7,8.0,20.0,0.34,1,1,real_event,calibrated_climatological
Upper Siang,Arunachal Pradesh,29.0569,95.1005,2010-07-21,71.3,156.5,300.7,71.0,49.0,1656.8,0.5,2,0,real_negative_sample,calibrated_climatological
Goalpara,Assam,27.5509,88.6475,2010-07-21,92.6,203.4,324.4,69.8,14.2,71.8,0.5,1,1,real_event,calibrated_climatological
Goalpara,Assam,26.8599,89.3943,2010-07-21,102.4,241.2,466.8,65.7,8.0,20.0,0.45,1,1,real_event,calibrated_climatological
Goalpara,Assam,27.0502,89.9442,2010-07-21,64.2,146.7,244.9,76.7,8.0,20.0,0.6,1,1,real_event,calibrated_climatological
Goalpara,Assam,27.8122,89.9019,2010-07-22,37.8,113.8,213.3,62.2,8.0,64.4,0.34,1,1,real_event,calibrated_climatological
Goalpara,Assam,27.0674,89.5615,2010-07-22,154.9,304.7,580.5,83.7,8.0,35.6,0.58,1,1,real_event,calibrated_climatological
Goalpara,Assam,28.0702,89.3275,2010-07-25,40.0,97.8,151.5,54.8,15.7,20.0,0.48,1,0,real_negative_sample,calibrated_climatological
Silchar,Assam,25.0477,92.801,2010-07-25,180.6,352.8,664.1,78.6,9.2,20.0,0.51,1,1,real_event,calibrated_climatological
Kamjong,Manipur,25.3384,95.1221,2010-07-25,8.0,42.8,100.5,56.3,33.9,1267.8,0.57,2,0,real_negative_sample,calibrated_climatological
Senapati,Manipur,25.4196,94.1054,2010-07-29,108.8,223.1,455.4,83.5,30.5,1488.1,0.49,2,1,real_event,calibrated_climatological
Ukhrul,Manipur,25.3099,94.4821,2010-07-29,48.2,136.5,270.6,65.8,34.0,1882.6,0.58,3,1,real_event,calibrated_climatological
Tamenglong,Manipur,24.9786,93.5027,2010-07-29,71.4,141.1,235.7,64.1,43.0,1328.4,0.41,2,1,real_event,calibrated_climatological
Imphal,Manipur,24.9356,93.8443,2010-07-31,69.0,144.7,226.0,79.1,8.0,785.5,0.4,1,1,real_event,calibrated_climatological
Champhai,Mizoram,22.8808,94.8872,2010-08-02,35.9,69.5,132.8,59.8,28.2,1150.2,0.56,2,0,real_negative_sample,calibrated_climatological
Agartala,Tripura,22.3634,89.3567,2010-08-03,40.8,73.4,157.0,62.9,10.3,38.3,0.42,1,0,real_negative_sample,calibrated_climatological
Goalpara,Assam,27.0366,88.263,2010-08-05,90.5,195.5,383.1,72.9,8.0,67.0,0.5,1,1,real_event,calibrated_climatological
Lunglei,Mizoram,23.0553,91.8115,2010-08-05,70.7,140.9,244.6,67.7,32.4,1029.5,0.48,2,0,real_negative_sample,calibrated_climatological
Aizawl,Mizoram,23.7365,92.7146,2010-08-06,114.8,240.7,440.5,69.7,37.1,1095.7,0.44,2,1,real_event,calibrated_climatological
Goalpara,Assam,27.0375,88.2627,2010-08-06,112.3,261.1,530.6,92.8,11.7,101.4,0.54,1,1,real_event,calibrated_climatological
West Garo Hills,Meghalaya,24.7364,88.5295,2010-08-06,69.2,160.9,257.9,80.3,32.8,328.8,0.51,3,0,real_negative_sample,calibrated_climatological
Tezu,Arunachal Pradesh,28.0914,95.8843,2010-08-07,8.0,42.2,96.0,75.4,6.9,222.8,0.6,1,0,real_negative_sample,calibrated_climatological
West Garo Hills,Meghalaya,24.594,89.1414,2010-08-07,100.7,235.9,348.5,53.5,44.7,370.4,0.51,3,0,real_negative_sample,calibrated_climatological
Anjaw,Arunachal Pradesh,28.8852,96.2955,2010-08-08,8.6,25.7,60.7,66.7,40.3,1993.8,0.44,2,0,real_negative_sample,calibrated_climatological
Lunglei,Mizoram,22.6097,91.668,2010-08-08,72.1,149.9,217.4,73.8,35.2,801.3,0.63,2,0,real_negative_sample,calibrated_climatological
Longding,Arunachal Pradesh,26.8398,95.2987,2010-08-09,73.0,136.2,216.3,65.7,35.4,764.9,0.43,2,0,real_negative_sample,calibrated_climatological
Kohima,Nagaland,25.7022,94.0462,2010-08-13,62.5,136.3,257.1,77.3,29.5,1471.9,0.46,3,1,real_event,calibrated_climatological
Jorhat,Assam,26.6359,93.8123,2010-08-13,70.3,156.2,231.1,67.1,5.0,74.0,0.55,1,0,real_negative_sample,calibrated_climatological
Mokokchung,Nagaland,26.148,94.8422,2010-08-14,77.2,183.3,376.6,50.0,26.6,1352.1,0.48,3,1,real_event,calibrated_climatological
Mokokchung,Nagaland,26.0814,94.803,2010-08-14,91.5,170.7,299.7,80.8,29.0,1407.4,0.5,3,1,real_event,calibrated_climatological
Mokokchung,Nagaland,26.222,94.9152,2010-08-14,101.9,233.3,332.5,86.4,38.4,1148.0,0.32,3,1,real_event,calibrated_climatological
Ukhrul,Manipur,25.3101,94.4827,2010-08-15,146.4,273.8,450.3,66.1,41.8,1828.5,0.44,3,1,real_event,calibrated_climatological
Upper Siang,Arunachal Pradesh,28.2146,94.1963,2010-08-15,99.4,167.7,265.9,72.1,44.1,1717.4,0.67,2,0,real_negative_sample,calibrated_climatological
Itanagar,Arunachal Pradesh,26.6454,93.3016,2010-08-17,92.4,180.8,283.9,49.5,38.1,381.9,0.65,2,0,real_negative_sample,calibrated_climatological
Goalpara,Assam,26.9435,88.4445,2010-08-17,166.6,340.2,570.4,85.7,10.8,61.2,0.5,1,1,real_event,calibrated_climatological
Mokokchung,Nagaland,26.2753,94.6654,2010-08-17,51.3,132.8,244.9,66.8,29.4,1366.5,0.42,3,1,real_event,calibrated_climatological
Mokokchung,Nagaland,26.1984,94.8158,2010-08-19,36.7,96.9,193.7,68.4,26.3,1246.5,0.72,3,1,real_event,calibrated_climatological
Tamenglong,Manipur,24.8961,93.4957,2010-08-19,141.9,352.2,554.0,70.4,38.1,1356.2,0.31,2,1,real_event,calibrated_climatological
Goalpara,Assam,26.9722,88.4481,2010-08-19,90.5,244.3,381.0,64.6,8.0,30.8,0.63,1,1,real_event,calibrated_climatological
Kohima,Nagaland,25.6156,94.116,2010-08-19,54.8,138.3,257.2,64.9,27.5,1419.5,0.54,3,1,real_event,calibrated_climatological
Goalpara,Assam,27.167,88.3652,2010-08-20,85.4,188.6,320.2,76.5,8.0,68.5,0.48,1,1,real_event,calibrated_climatological
Kohima,Nagaland,25.5718,94.1211,2010-08-21,153.9,310.6,608.4,86.5,31.3,1357.3,0.48,3,1,real_event,calibrated_climatological
Goalpara,Assam,27.627,89.4002,2010-08-22,73.8,160.8,289.2,71.0,5.4,20.0,0.51,1,0,real_negative_sample,calibrated_climatological
Goalpara,Assam,27.5,90.5034,2010-08-23,84.8,170.1,271.5,67.1,8.0,177.0,0.35,1,1,real_event,calibrated_climatological
Tezu,Arunachal Pradesh,28.9556,95.9892,2010-08-24,25.7,73.1,157.6,49.7,5.0,211.5,0.57,1,0,real_negative_sample,calibrated_climatological
Kamjong,Manipur,23.7713,96.0806,2010-08-25,8.0,30.7,63.6,63.0,34.4,1062.7,0.37,2,0,real_negative_sample,calibrated_climatological
Agartala,Tripura,24.1938,90.7341,2010-08-26,82.1,188.6,355.3,64.6,8.5,130.6,0.37,1,0,real_negative_sample,calibrated_climatological
Serchhip,Mizoram,23.4704,93.0029,2010-08-26,65.9,118.9,165.8,54.7,38.3,1020.6,0.58,2,0,real_negative_sample,calibrated_climatological
Goalpara,Assam,27.2319,88.497,2010-08-26,105.0,225.5,375.3,79.4,8.0,156.8,0.6,1,1,real_event,calibrated_climatological
Kohima,Nagaland,25.4786,94.1327,2010-08-27,77.3,187.0,331.7,68.1,31.5,1398.2,0.51,3,1,real_event,calibrated_climatological
Tamenglong,Manipur,24.7505,93.4221,2010-08-27,143.8,345.1,634.8,78.2,34.0,1463.7,0.47,2,1,real_event,calibrated_climatological
Goalpara,Assam,27.3392,88.6188,2010-08-27,65.7,180.0,359.9,83.7,8.0,20.0,0.48,1,1,real_event,calibrated_climatological
Guwahati,Assam,26.2187,91.3366,2010-08-27,54.3,119.0,225.2,78.6,5.0,157.4,0.57,1,0,real_negative_sample,calibrated_climatological
Goalpara,Assam,27.7276,88.0446,2010-08-29,138.5,307.4,601.4,63.4,12.8,42.9,0.48,1,1,real_event,calibrated_climatological
Goalpara,Assam,27.3702,88.7334,2010-09-04,14.8,56.1,94.9,89.8,8.0,110.5,0.41,1,1,real_event,calibrated_climatological
West Garo Hills,Meghalaya,25.3239,89.9003,2010-09-06,35.0,105.3,154.6,56.2,42.6,311.9,0.5,3,0,real_negative_sample,calibrated_climatological
Nagaon,Assam,27.0431,92.1169,2010-09-07,60.4,113.6,210.0,68.2,14.7,90.7,0.53,1,0,real_negative_sample,calibrated_climatological
Pasighat,Arunachal Pradesh,28.3036,95.4112,2010-09-09,43.1,102.3,210.9,66.5,45.6,105.4,0.62,2,1,real_event,calibrated_climatological
Itanagar,Arunachal Pradesh,27.0011,93.7273,2010-09-10,20.1,69.2,155.2,78.4,46.7,401.6,0.52,2,1,real_event,calibrated_climatological
Kohima,Nagaland,25.6396,94.1111,2010-09-12,12.5,51.4,131.0,60.7,31.7,1600.8,0.57,3,1,real_event,calibrated_climatological
Aizawl,Mizoram,23.591,92.9296,2010-09-13,81.1,179.0,348.0,84.7,33.4,924.8,0.36,2,1,real_event,calibrated_climatological
Serchhip,Mizoram,23.3439,93.0748,2010-09-13,54.3,118.1,193.9,66.3,32.8,1104.7,0.35,2,1,real_event,calibrated_climatological
Aizawl,Mizoram,23.735,92.7106,2010-09-13,49.9,135.2,250.8,84.6,45.0,1195.7,0.45,2,1,real_event,calibrated_climatological
Lunglei,Mizoram,22.7176,92.8416,2010-09-13,51.1,137.9,205.7,91.0,40.1,826.5,0.47,2,1,real_event,calibrated_climatological
Aizawl,Mizoram,23.7541,92.7413,2010-09-13,112.1,276.7,545.6,66.1,42.3,1083.2,0.58,2,1,real_event,calibrated_climatological
Aizawl,Mizoram,23.7299,92.715,2010-09-13,128.9,289.0,491.0,76.2,30.5,996.9,0.56,2,1,real_event,calibrated_climatological
Aizawl,Mizoram,23.7418,92.7142,2010-09-13,91.9,190.0,340.4,94.7,33.0,1059.7,0.65,2,1,real_event,calibrated_climatological
Kolasib,Mizoram,24.3069,93.125,2010-09-16,40.4,91.0,194.7,78.0,27.9,528.4,0.47,2,1,real_event,calibrated_climatological
Aizawl,Mizoram,23.7527,92.694,2010-09-16,97.1,255.4,493.0,86.4,39.1,1089.8,0.43,2,1,real_event,calibrated_climatological
Kamjong,Manipur,24.4152,96.9856,2010-09-18,80.3,171.4,336.8,74.4,40.0,1006.4,0.5,2,0,real_negative_sample,calibrated_climatological
Itanagar,Arunachal Pradesh,27.3708,92.9534,2010-09-19,10.1,46.8,102.2,82.0,40.2,296.7,0.61,2,0,real_negative_sample,calibrated_climatological
Goalpara,Assam,27.9337,91.1297,2010-09-20,45.8,109.8,236.9,52.2,10.1,20.0,0.55,1,0,real_negative_sample,calibrated_climatological
Cherrapunji,Meghalaya,24.9362,91.3798,2010-09-22,75.0,166.2,234.7,85.0,35.4,1165.6,0.66,3,0,real_negative_sample,calibrated_climatological
Longding,Arunachal Pradesh,26.3646,96.4096,2010-09-23,73.1,143.5,268.7,61.3,37.2,932.2,0.56,2,0,real_negative_sample,calibrated_climatological
Kamjong,Manipur,22.9578,96.5978,2010-09-25,25.0,74.9,169.3,64.0,36.2,1080.0,0.55,2,0,real_negative_sample,calibrated_climatological
West Garo Hills,Meghalaya,25.1072,89.6997,2010-09-28,18.3,68.4,120.7,52.3,39.9,312.3,0.71,3,0,real_negative_sample,calibrated_climatological
Pasighat,Arunachal Pradesh,28.3092,95.4149,2010-10-03,37.5,91.3,200.2,80.4,33.3,144.1,0.45,2,1,real_event,calibrated_climatological
Kamjong,Manipur,22.6461,97.3193,2010-10-06,54.4,126.8,222.8,82.7,38.6,1043.2,0.65,2,1,real_event,calibrated_climatological
Kamjong,Manipur,23.9723,96.8566,2010-10-06,8.0,40.9,86.4,69.1,26.4,1209.6,0.5,2,1,real_event,calibrated_climatological
Goalpara,Assam,27.6078,89.8938,2010-10-06,34.8,80.6,134.2,75.4,5.0,131.5,0.53,1,0,real_negative_sample,calibrated_climatological
Phek,Nagaland,25.6633,94.4703,2010-10-08,81.1,159.8,298.8,61.8,40.4,1506.7,0.4,3,1,real_event,calibrated_climatological
Imphal,Manipur,24.837,93.9128,2010-10-08,66.6,175.7,289.1,77.9,21.7,814.9,0.43,1,1,real_event,calibrated_climatological
Senapati,Manipur,25.2745,94.0212,2010-10-08,31.4,91.7,145.7,81.3,38.1,1482.6,0.46,2,1,real_event,calibrated_climatological
Tamenglong,Manipur,24.7679,93.4108,2010-10-08,69.5,192.8,356.9,80.3,39.3,1107.7,0.46,2,1,real_event,calibrated_climatological
Kohima,Nagaland,25.4769,94.1351,2010-10-08,80.1,191.6,296.9,59.6,32.6,1458.3,0.51,3,1,real_event,calibrated_climatological
Diphu,Assam,25.4749,93.1477,2010-10-09,115.9,251.5,498.9,75.4,19.7,338.1,0.44,1,1,real_event,calibrated_climatological
Kohima,Nagaland,25.4788,94.1399,2010-10-09,117.5,264.4,400.3,69.4,27.7,1336.0,0.43,3,1,real_event,calibrated_climatological
Kohima,Nagaland,25.5265,93.8673,2010-10-09,48.2,135.4,266.7,63.7,24.8,1389.0,0.46,3,1,real_event,calibrated_climatological
Kohima,Nagaland,25.682,94.1076,2010-10-09,36.5,96.6,178.4,77.6,29.6,1502.2,0.55,3,1,real_event,calibrated_climatological
Jiribam,Manipur,25.1796,93.0083,2010-10-09,26.2,72.5,134.1,65.0,25.6,822.4,0.63,2,1,real_event,calibrated_climatological
Diphu,Assam,25.5242,92.9914,2010-10-09,56.0,152.4,300.7,72.9,17.4,286.2,0.44,1,1,real_event,calibrated_climatological
Senapati,Manipur,25.3179,94.0462,2010-10-09,30.3,90.7,200.9,72.6,38.1,1500.6,0.41,2,1,real_event,calibrated_climatological
Kohima,Nagaland,25.6623,94.1072,2010-10-10,138.6,324.6,633.4,58.1,37.4,1596.4,0.57,3,1,real_event,calibrated_climatological
Goalpara,Assam,26.8618,88.8874,2010-10-16,5.0,37.5,79.1,57.9,13.6,20.0,0.61,1,0,real_negative_sample,calibrated_climatological
Lakhimpur,Assam,27.8134,93.9817,2010-10-18,65.1,155.9,260.8,71.5,7.3,182.2,0.48,1,0,real_negative_sample,calibrated_climatological
Upper Siang,Arunachal Pradesh,28.7209,93.9527,2010-10-22,18.3,59.5,130.0,64.4,40.4,1582.8,0.62,2,0,real_negative_sample,calibrated_climatological
Churachandpur,Manipur,24.0419,93.6555,2010-10-22,52.6,118.4,187.0,85.4,44.7,893.6,0.58,2,0,real_negative_sample,calibrated_climatological
Nagaon,Assam,27.5799,91.8567,2010-11-22,20.3,55.8,138.1,80.0,13.6,20.0,0.53,1,1,real_event,calibrated_climatological
Saiha,Mizoram,22.5555,93.594,2011-01-14,27.4,60.4,97.9,55.2,28.7,953.2,0.45,2,0,real_negative_sample,calibrated_climatological
Anjaw,Arunachal Pradesh,28.0791,96.5242,2011-03-22,50.6,105.4,239.2,64.6,35.6,2047.1,0.58,2,1,real_event,calibrated_climatological
Dibrugarh,Assam,27.5022,94.5607,2011-04-14,41.9,105.4,192.8,78.5,5.0,20.0,0.66,1,0,real_negative_sample,calibrated_climatological
Itanagar,Arunachal Pradesh,27.8469,93.3,2011-05-04,31.4,79.7,160.4,56.2,43.5,362.1,0.51,2,0,real_negative_sample,calibrated_climatological
Champhai,Mizoram,22.359,95.134,2011-05-05,97.2,231.8,349.2,65.5,31.4,1055.3,0.39,2,0,real_negative_sample,calibrated_climatological
West Garo Hills,Meghalaya,25.2169,89.0504,2011-05-12,51.9,106.6,190.6,69.9,39.1,297.0,0.61,3,0,real_negative_sample,calibrated_climatological
Goalpara,Assam,27.0837,90.4028,2011-05-16,41.1,105.0,194.8,53.5,10.8,36.9,0.51,1,0,real_negative_sample,calibrated_climatological
Tamenglong,Manipur,25.0672,93.4093,2011-05-22,26.2,61.5,112.5,60.0,33.1,1326.0,0.58,2,1,real_event,calibrated_climatological
Silchar,Assam,25.0888,92.8551,2011-05-24,74.7,170.8,353.0,76.2,14.8,102.6,0.62,1,1,real_event,calibrated_climatological
Agartala,Tripura,22.4397,90.7017,2011-05-27,56.4,101.8,171.0,58.6,11.3,20.0,0.43,1,0,real_negative_sample,calibrated_climatological
Tamenglong,Manipur,24.8286,93.5935,2011-05-31,76.9,195.8,391.7,67.9,27.6,1305.9,0.48,2,1,real_event,calibrated_climatological
Senapati,Manipur,25.1555,93.8474,2011-05-31,62.7,119.7,192.8,90.8,38.6,1498.2,0.74,2,1,real_event,calibrated_climatological
Mokokchung,Nagaland,26.454,94.4704,2011-06-02,82.5,189.7,318.7,64.9,32.3,1318.2,0.62,3,0,real_negative_sample,calibrated_climatological
Dibrugarh,Assam,27.2647,94.5761,2011-06-03,50.4,137.6,286.7,72.0,9.3,123.7,0.41,1,0,real_negative_sample,calibrated_climatological
Goalpara,Assam,27.94,90.212,2011-06-03,44.7,117.1,173.9,62.6,12.6,85.0,0.42,1,0,real_negative_sample,calibrated_climatological
Guwahati,Assam,27.5798,91.7196,2011-06-10,42.1,105.0,171.8,51.0,5.0,36.6,0.45,1,0,real_negative_sample,calibrated_climatological
Agartala,Tripura,22.8073,90.4494,2011-06-11,58.2,119.9,214.8,73.4,8.0,20.0,0.48,1,0,real_negative_sample,calibrated_climatological
Champhai,Mizoram,22.8754,95.4226,2011-06-11,36.0,86.1,167.9,63.1,28.9,989.1,0.67,2,0,real_negative_sample,calibrated_climatological
Kamjong,Manipur,22.4485,97.0194,2011-06-12,57.9,148.9,217.3,85.4,28.6,1248.0,0.46,2,0,real_negative_sample,calibrated_climatological
Champhai,Mizoram,23.2333,93.9602,2011-06-12,26.8,69.5,128.6,75.0,34.6,1099.3,0.32,2,0,real_negative_sample,calibrated_climatological
Goalpara,Assam,29.1855,88.2294,2011-06-16,89.5,184.9,305.8,75.5,6.7,20.0,0.56,1,0,real_negative_sample,calibrated_climatological
West Garo Hills,Meghalaya,26.88,88.28,2011-06-17,77.6,166.8,253.8,71.0,32.2,386.2,0.56,3,1,real_event,calibrated_climatological
West Garo Hills,Meghalaya,26.8485,88.2618,2011-06-17,120.2,251.5,376.1,77.7,39.0,344.5,0.42,3,1,real_event,calibrated_climatological
Goalpara,Assam,27.4885,88.4451,2011-06-17,112.8,280.7,460.1,82.4,14.7,79.8,0.56,1,1,real_event,calibrated_climatological
Tura,Meghalaya,25.0932,90.3037,2011-06-18,51.1,105.7,200.8,62.7,36.1,444.8,0.55,3,0,real_negative_sample,calibrated_climatological
West Garo Hills,Meghalaya,26.0421,89.5106,2011-06-20,87.6,152.8,262.3,48.0,44.1,255.7,0.52,3,0,real_negative_sample,calibrated_climatological
Goalpara,Assam,27.1664,89.1041,2011-06-20,20.6,62.4,118.6,64.4,9.8,79.8,0.49,1,0,real_negative_sample,calibrated_climatological
Goalpara,Assam,27.0638,88.4659,2011-06-20,84.5,175.7,322.9,89.1,9.5,32.2,0.61,1,1,real_event,calibrated_climatological
Mokokchung,Nagaland,26.3186,94.5121,2011-06-20,108.1,198.9,380.3,86.6,32.4,1302.1,0.5,3,1,real_event,calibrated_climatological
Kolasib,Mizoram,24.3453,92.3302,2011-06-21,41.5,88.2,157.0,68.9,23.5,584.2,0.44,2,0,real_negative_sample,calibrated_climatological
Longding,Arunachal Pradesh,26.8755,95.1996,2011-06-21,36.9,68.3,137.1,64.0,30.5,876.3,0.53,2,0,real_negative_sample,calibrated_climatological
Kohima,Nagaland,25.5161,94.2341,2011-06-21,113.6,268.1,472.9,76.7,32.2,1438.6,0.56,3,1,real_event,calibrated_climatological
Goalpara,Assam,27.2879,88.2579,2011-06-23,125.9,288.9,481.8,76.9,15.8,91.2,0.4,1,1,real_event,calibrated_climatological
Ri Bhoi,Meghalaya,26.0219,92.3454,2011-06-27,77.7,183.9,328.0,72.2,35.7,738.5,0.48,3,0,real_negative_sample,calibrated_climatological
Kohima,Nagaland,25.6682,94.1099,2011-06-28,133.5,325.7,622.5,80.7,31.2,1349.5,0.4,3,1,real_event,calibrated_climatological
Imphal,Manipur,25.0356,94.0144,2011-06-28,136.0,308.2,563.3,77.0,8.0,763.9,0.3,1,1,real_event,calibrated_climatological
Diphu,Assam,25.5125,93.3613,2011-06-29,84.0,167.5,318.4,82.4,26.9,355.7,0.52,1,1,real_event,calibrated_climatological
Lunglei,Mizoram,22.344,91.8161,2011-07-01,80.8,195.0,286.1,61.6,42.7,1002.8,0.47,2,1,real_event,calibrated_climatological
Kohima,Nagaland,25.8782,94.1739,2011-07-01,105.5,200.8,314.8,63.6,29.0,1429.1,0.59,3,1,real_event,calibrated_climatological
West Garo Hills,Meghalaya,25.1824,88.7793,2011-07-04,74.4,150.8,254.0,68.1,32.6,427.5,0.57,3,0,real_negative_sample,calibrated_climatological
Mokokchung,Nagaland,26.305,94.3499,2011-07-05,52.9,131.8,211.1,73.5,27.2,1352.8,0.55,3,0,real_negative_sample,calibrated_climatological
West Garo Hills,Meghalaya,25.9224,90.0346,2011-07-05,66.3,144.3,236.6,55.3,37.7,346.8,0.54,3,0,real_negative_sample,calibrated_climatological
Ri Bhoi,Meghalaya,25.8027,92.0362,2011-07-06,72.8,141.6,247.1,72.4,33.4,561.0,0.54,3,0,real_negative_sample,calibrated_climatological
Imphal,Manipur,24.8063,93.9482,2011-07-06,60.2,120.7,228.8,69.3,11.1,761.8,0.42,1,1,real_event,calibrated_climatological
Tamenglong,Manipur,25.2022,93.3349,2011-07-07,90.1,161.9,271.2,61.0,44.9,1297.3,0.59,2,0,real_negative_sample,calibrated_climatological
Champhai,Mizoram,22.2494,96.7338,2011-07-07,57.9,139.8,222.9,73.1,27.2,960.0,0.46,2,0,real_negative_sample,calibrated_climatological
Senapati,Manipur,25.4191,94.1079,2011-07-07,61.0,125.2,244.8,73.5,36.3,1691.8,0.51,2,1,real_event,calibrated_climatological
Goalpara,Assam,26.8761,90.0037,2011-07-10,66.0,133.4,254.0,70.0,12.3,66.4,0.45,1,0,real_negative_sample,calibrated_climatological
Kohima,Nagaland,25.6703,94.1095,2011-07-11,126.6,292.5,466.7,74.7,35.2,1471.3,0.52,3,1,real_event,calibrated_climatological
Goalpara,Assam,26.3409,89.5353,2011-07-12,94.6,194.6,293.4,65.8,7.2,20.0,0.58,1,0,real_negative_sample,calibrated_climatological
Agartala,Tripura,22.2796,90.6681,2011-07-15,67.7,124.0,221.6,68.7,5.0,82.3,0.61,1,0,real_negative_sample,calibrated_climatological
Itanagar,Arunachal Pradesh,27.125,93.7145,2011-07-15,117.4,292.0,498.3,78.4,33.0,476.8,0.51,2,1,real_event,calibrated_climatological
Itanagar,Arunachal Pradesh,27.2743,92.9064,2011-07-16,101.9,225.4,375.2,67.8,34.2,207.5,0.6,2,1,real_event,calibrated_climatological
Goalpara,Assam,26.992,88.4228,2011-07-17,129.9,272.9,528.3,65.0,12.2,20.8,0.5,1,1,real_event,calibrated_climatological
Itanagar,Arunachal Pradesh,27.1032,93.6884,2011-07-19,90.8,191.9,348.9,78.8,36.5,371.1,0.55,2,1,real_event,calibrated_climatological
Agartala,Tripura,23.7118,90.4077,2011-07-19,52.1,133.8,237.0,74.6,8.4,30.6,0.67,1,1,real_event,calibrated_climatological
Goalpara,Assam,27.0537,88.4257,2011-07-19,70.3,158.7,339.3,68.8,8.0,20.0,0.6,1,1,real_event,calibrated_climatological
Goalpara,Assam,27.1141,88.4658,2011-07-20,44.8,119.9,218.7,84.6,8.0,60.8,0.57,1,1,real_event,calibrated_climatological
Goalpara,Assam,29.1018,88.2049,2011-07-20,110.3,269.1,397.5,64.9,5.0,37.3,0.58,1,0,real_negative_sample,calibrated_climatological
Goalpara,Assam,26.2956,90.1166,2011-07-21,53.0,125.6,227.2,57.0,5.0,20.0,0.52,1,0,real_negative_sample,calibrated_climatological
Goalpara,Assam,27.5003,90.5081,2011-07-21,112.8,265.8,496.6,66.3,16.3,128.9,0.54,1,1,real_event,calibrated_climatological
Thoubal,Manipur,24.3527,94.3429,2011-07-22,86.3,212.5,387.0,67.8,8.0,811.1,0.55,1,1,real_event,calibrated_climatological
Kamjong,Manipur,23.3213,96.143,2011-07-22,58.1,137.1,254.9,59.5,40.1,1137.8,0.57,2,0,real_negative_sample,calibrated_climatological
Imphal,Manipur,24.7992,93.948,2011-07-22,88.4,228.5,440.9,72.0,15.3,799.7,0.53,1,1,real_event,calibrated_climatological
Goalpara,Assam,27.2663,89.9149,2011-07-24,88.8,209.3,363.8,55.9,5.9,39.5,0.49,1,0,real_negative_sample,calibrated_climatological
Nagaon,Assam,26.5836,93.0038,2011-07-24,125.8,227.3,433.8,73.2,8.8,39.5,0.48,1,1,real_event,calibrated_climatological
Champhai,Mizoram,23.6454,93.9321,2011-07-24,62.4,154.9,295.1,63.8,28.9,1121.2,0.48,2,0,real_negative_sample,calibrated_climatological
Thoubal,Manipur,24.6869,93.9157,2011-07-25,70.5,148.6,271.2,82.4,8.2,798.3,0.46,1,1,real_event,calibrated_climatological
Cachar,Assam,25.159,92.7158,2011-07-25,55.9,135.2,239.5,71.2,6.5,20.0,0.57,1,0,real_negative_sample,calibrated_climatological
Tinsukia,Assam,27.5244,95.4826,2011-07-28,16.3,40.8,81.5,52.5,5.0,172.9,0.46,1,0,real_negative_sample,calibrated_climatological
Senapati,Manipur,25.4192,94.108,2011-07-29,133.4,287.0,468.6,79.0,38.2,1533.3,0.5,2,1,real_event,calibrated_climatological
Upper Siang,Arunachal Pradesh,28.6821,95.36,2011-08-04,105.1,215.0,392.8,58.0,44.8,1620.7,0.65,2,0,real_negative_sample,calibrated_climatological
Itanagar,Arunachal Pradesh,27.1034,93.6885,2011-08-05,88.7,219.0,381.5,76.5,44.5,407.7,0.3,2,1,real_event,calibrated_climatological
Pasighat,Arunachal Pradesh,28.3333,95.7552,2011-08-06,66.2,130.7,234.0,78.0,39.5,69.8,0.52,2,0,real_negative_sample,calibrated_climatological
Saiha,Mizoram,22.2009,92.2168,2011-08-08,85.1,175.3,284.8,70.2,31.7,930.4,0.37,2,1,real_event,calibrated_climatological
Thoubal,Manipur,24.0557,94.9742,2011-08-08,38.0,91.7,170.5,80.3,6.0,744.1,0.68,1,0,real_negative_sample,calibrated_climatological
Nagaon,Assam,27.44,92.2833,2011-08-12,104.6,186.0,367.2,68.2,8.0,20.0,0.47,1,1,real_event,calibrated_climatological
Dimapur,Nagaland,25.7713,93.8067,2011-08-13,127.7,269.7,547.1,81.9,8.0,64.1,0.39,1,1,real_event,calibrated_climatological
Saiha,Mizoram,22.6104,93.8845,2011-08-14,36.3,101.3,145.4,63.3,24.3,965.8,0.33,2,0,real_negative_sample,calibrated_climatological
Itanagar,Arunachal Pradesh,27.4888,93.0153,2011-08-15,136.2,345.3,567.2,73.6,35.0,313.7,0.44,2,1,real_event,calibrated_climatological
Agartala,Tripura,23.0063,89.9272,2011-08-15,71.0,155.4,228.5,82.5,6.1,20.0,0.56,1,0,real_negative_sample,calibrated_climatological
Tura,Meghalaya,25.5144,90.2167,2011-08-16,73.8,164.1,262.0,87.9,39.2,269.0,0.4,3,1,real_event,calibrated_climatological
Goalpara,Assam,26.3619,91.1561,2011-08-17,41.3,77.0,130.8,63.6,11.6,134.3,0.47,1,0,real_negative_sample,calibrated_climatological
Kohima,Nagaland,25.83,94.13,2011-08-18,105.6,243.2,384.1,54.3,26.6,1498.1,0.56,3,1,real_event,calibrated_climatological
Goalpara,Assam,26.92,89.629,2011-08-19,110.6,213.9,412.2,71.8,18.2,75.0,0.42,1,0,real_negative_sample,calibrated_climatological
Agartala,Tripura,23.3875,88.5038,2011-08-19,85.4,209.5,345.0,79.0,7.9,20.0,0.64,1,0,real_negative_sample,calibrated_climatological
Tezu,Arunachal Pradesh,28.8859,96.1325,2011-08-21,38.9,70.6,159.0,70.6,24.1,60.8,0.55,1,0,real_negative_sample,calibrated_climatological
Mamit,Mizoram,23.5406,92.0065,2011-08-23,141.4,293.7,434.1,76.9,25.8,792.5,0.43,2,0,real_negative_sample,calibrated_climatological
Goalpara,Assam,27.1386,88.2255,2011-08-23,106.5,273.0,421.5,65.9,11.6,190.0,0.55,1,1,real_event,calibrated_climatological
Jorhat,Assam,26.684,94.3926,2011-08-24,52.5,119.9,167.2,61.8,14.3,185.2,0.5,1,0,real_negative_sample,calibrated_climatological
Goalpara,Assam,27.7344,88.633,2011-08-25,71.2,157.1,347.4,87.1,12.9,20.0,0.63,1,1,real_event,calibrated_climatological
Jiribam,Manipur,24.808,93.117,2011-09-06,123.3,293.9,565.7,75.8,26.6,1037.7,0.54,2,1,real_event,calibrated_climatological
Mamit,Mizoram,23.9077,92.5013,2011-09-11,76.3,168.2,308.4,74.8,30.6,769.1,0.42,2,0,real_negative_sample,calibrated_climatological
Tura,Meghalaya,24.8773,89.6149,2011-09-18,62.3,125.7,184.4,57.4,38.3,443.0,0.52,3,0,real_negative_sample,calibrated_climatological
Guwahati,Assam,26.1548,91.7351,2011-09-23,41.1,95.9,197.2,63.0,11.5,20.0,0.58,1,1,real_event,calibrated_climatological
Goalpara,Assam,27.0605,88.255,2011-09-25,31.9,88.3,180.2,72.2,8.0,20.0,0.5,1,1,real_event,calibrated_climatological
Upper Siang,Arunachal Pradesh,28.6527,94.5021,2011-09-25,36.5,80.2,137.1,78.0,46.9,1633.4,0.46,2,0,real_negative_sample,calibrated_climatological
West Garo Hills,Meghalaya,26.8545,88.3372,2011-09-28,23.3,58.3,117.5,73.6,45.2,336.1,0.53,3,1,real_event,calibrated_climatological
Goalpara,Assam,27.5161,88.5575,2011-09-30,32.7,91.4,160.5,73.8,11.6,114.6,0.57,1,1,real_event,calibrated_climatological
Anjaw,Arunachal Pradesh,27.2101,97.182,2011-10-01,5.0,36.9,76.4,90.0,40.8,2035.4,0.38,2,0,real_negative_sample,calibrated_climatological
Guwahati,Assam,26.7453,91.4654,2011-10-05,65.3,158.6,243.1,66.6,10.0,20.0,0.6,1,0,real_negative_sample,calibrated_climatological
Agartala,Tripura,22.623,91.3441,2011-10-15,79.0,200.3,309.3,70.9,6.1,108.7,0.55,1,0,real_negative_sample,calibrated_climatological
Agartala,Tripura,24.01,90.257,2011-10-16,17.1,44.3,80.6,60.1,11.5,59.1,0.59,1,0,real_negative_sample,calibrated_climatological
Agartala,Tripura,23.405,90.8605,2011-10-19,49.9,106.1,172.9,65.3,9.4,20.0,0.71,1,0,real_negative_sample,calibrated_climatological
Tura,Meghalaya,25.6002,90.3943,2011-10-21,70.9,138.9,216.3,69.3,31.5,323.5,0.54,3,0,real_negative_sample,calibrated_climatological
Goalpara,Assam,28.4335,89.0367,2011-10-24,72.3,132.4,222.0,62.0,10.8,47.7,0.46,1,0,real_negative_sample,calibrated_climatological
Goalpara,Assam,26.8948,90.4285,2011-12-19,24.7,59.8,107.8,62.6,16.0,100.1,0.43,1,0,real_negative_sample,calibrated_climatological
Itanagar,Arunachal Pradesh,29.176,91.5094,2012-01-14,14.9,31.5,83.2,70.2,41.7,431.4,0.43,2,0,real_negative_sample,calibrated_climatological
Champhai,Mizoram,23.1636,94.8422,2012-02-04,20.5,49.8,100.8,59.8,27.9,1081.9,0.55,2,0,real_negative_sample,calibrated_climatological
Agartala,Tripura,23.7339,89.8266,2012-02-04,33.9,69.6,146.5,62.4,14.4,20.0,0.45,1,0,real_negative_sample,calibrated_climatological
Tamenglong,Manipur,25.1604,93.6795,2012-03-04,37.4,81.3,184.2,82.0,40.9,1225.9,0.55,2,1,real_event,calibrated_climatological
Champhai,Mizoram,22.7418,94.386,2012-03-21,20.9,54.4,101.0,67.2,37.2,990.8,0.75,2,0,real_negative_sample,calibrated_climatological
Goalpara,Assam,27.256,90.5257,2012-04-06,18.7,66.5,112.5,80.1,8.0,20.0,0.36,1,1,real_event,calibrated_climatological
Pasighat,Arunachal Pradesh,28.4659,95.86,2012-04-08,62.4,153.3,261.5,70.5,32.4,221.2,0.58,2,1,real_event,calibrated_climatological
Agartala,Tripura,22.8561,91.3964,2012-04-25,8.1,42.0,91.4,57.1,15.3,20.0,0.6,1,0,real_negative_sample,calibrated_climatological
Goalpara,Assam,29.4903,90.9352,2012-05-03,57.4,143.4,277.9,70.8,16.0,177.1,0.51,1,1,real_event,calibrated_climatological
Bishnupur,Manipur,24.7369,93.7413,2012-05-03,54.9,128.3,200.5,76.5,17.3,723.5,0.48,1,0,real_negative_sample,calibrated_climatological
Guwahati,Assam,26.1475,91.7356,2012-06-02,36.3,108.9,184.6,58.2,8.0,42.0,0.45,1,1,real_event,calibrated_climatological
Tezu,Arunachal Pradesh,28.8254,96.1517,2012-06-02,116.4,216.7,363.9,60.8,9.7,94.9,0.46,1,1,real_event,calibrated_climatological
Thoubal,Manipur,23.9114,94.7952,2012-06-03,92.4,220.1,372.5,55.2,7.9,724.2,0.59,1,0,real_negative_sample,calibrated_climatological
Goalpara,Assam,27.7167,88.5577,2012-06-03,70.6,156.8,315.5,72.0,13.5,20.0,0.52,1,1,real_event,calibrated_climatological
Tamenglong,Manipur,25.3056,93.1265,2012-06-03,41.6,109.5,174.3,67.9,37.9,1330.5,0.55,2,1,real_event,calibrated_climatological
Jiribam,Manipur,25.1775,93.0123,2012-06-03,101.9,242.5,399.1,73.4,29.7,800.7,0.38,2,1,real_event,calibrated_climatological
Silchar,Assam,25.1175,92.8573,2012-06-03,56.6,151.1,320.2,84.3,8.0,50.7,0.52,1,1,real_event,calibrated_climatological
Kamjong,Manipur,24.7907,96.2872,2012-06-05,85.5,186.0,293.6,63.2,34.4,1326.7,0.49,2,0,real_negative_sample,calibrated_climatological
Pasighat,Arunachal Pradesh,29.2409,95.9761,2012-06-06,81.2,159.7,300.4,95.0,40.5,244.7,0.46,2,1,real_event,calibrated_climatological
Tura,Meghalaya,25.2452,90.5414,2012-06-06,56.8,131.3,258.6,63.8,37.5,365.8,0.49,3,0,real_negative_sample,calibrated_climatological
Goalpara,Assam,27.1748,88.6458,2012-06-07,106.4,197.9,319.8,64.7,16.4,75.0,0.49,1,1,real_event,calibrated_climatological
Goalpara,Assam,27.7565,88.632,2012-06-07,74.0,149.8,267.4,71.3,12.3,171.1,0.56,1,1,real_event,calibrated_climatological
Goalpara,Assam,27.5546,90.5065,2012-06-09,28.8,85.5,163.2,69.1,5.0,110.4,0.6,1,0,real_negative_sample,calibrated_climatological
Tamenglong,Manipur,24.8142,93.5444,2012-06-10,34.7,114.7,210.9,66.0,36.1,1363.2,0.47,2,1,real_event,calibrated_climatological
West Garo Hills,Meghalaya,24.2099,88.4223,2012-06-11,51.4,119.3,180.1,60.7,40.9,466.6,0.58,3,0,real_negative_sample,calibrated_climatological
Serchhip,Mizoram,23.4216,92.6985,2012-06-12,26.9,69.1,135.3,63.6,17.9,914.3,0.4,2,0,real_negative_sample,calibrated_climatological
Shillong,Meghalaya,25.5498,92.0757,2012-06-13,39.5,104.1,214.4,61.8,8.0,1604.5,0.43,3,1,real_event,calibrated_climatological
Karimganj,Assam,25.0951,92.3567,2012-06-13,142.5,356.8,697.4,59.3,19.3,20.0,0.56,1,1,real_event,calibrated_climatological
Goalpara,Assam,27.339,88.6065,2012-06-14,57.9,146.5,317.0,78.8,10.8,20.0,0.48,1,1,real_event,calibrated_climatological
Goalpara,Assam,29.0557,90.6897,2012-06-15,64.2,148.4,273.0,60.4,6.3,20.0,0.53,1,0,real_negative_sample,calibrated_climatological
Goalpara,Assam,26.0737,91.0171,2012-06-15,125.4,205.6,359.3,42.9,7.1,20.0,0.53,1,0,real_negative_sample,calibrated_climatological
Guwahati,Assam,26.9161,91.7864,2012-06-17,78.6,171.6,339.9,77.5,11.0,146.6,0.57,1,0,real_negative_sample,calibrated_climatological
West Garo Hills,Meghalaya,25.928,89.0418,2012-06-18,77.1,165.4,257.9,68.5,37.8,330.9,0.66,3,0,real_negative_sample,calibrated_climatological
Goalpara,Assam,26.7142,90.0311,2012-06-18,29.3,80.6,125.7,63.7,18.4,25.1,0.57,1,0,real_negative_sample,calibrated_climatological
West Garo Hills,Meghalaya,25.967,88.623,2012-06-18,31.6,61.3,130.4,64.2,40.0,490.5,0.61,3,0,real_negative_sample,calibrated_climatological
Guwahati,Assam,26.149,91.7351,2012-06-20,137.2,278.9,403.5,84.8,12.0,20.0,0.56,1,1,real_event,calibrated_climatological
Guwahati,Assam,26.1226,91.7162,2012-06-22,147.9,264.4,461.6,51.3,8.0,20.0,0.41,1,1,real_event,calibrated_climatological
Thoubal,Manipur,23.9798,94.7703,2012-06-23,20.3,67.7,114.3,64.4,18.7,761.6,0.47,1,0,real_negative_sample,calibrated_climatological
Hailakandi,Assam,24.6082,92.4128,2012-06-23,69.1,137.0,270.5,67.9,10.3,20.0,0.6,1,0,real_negative_sample,calibrated_climatological
Lunglei,Mizoram,22.3312,91.8252,2012-06-24,133.4,254.5,388.6,84.4,38.4,1041.2,0.64,2,1,real_event,calibrated_climatological
Longding,Arunachal Pradesh,27.174,95.8011,2012-06-25,50.9,134.6,301.0,66.9,39.7,952.4,0.52,2,1,real_event,calibrated_climatological
Longding,Arunachal Pradesh,26.9986,95.4993,2012-06-25,91.4,205.6,413.8,69.8,45.6,1018.2,0.35,2,1,real_event,calibrated_climatological
Agartala,Tripura,23.4611,90.7957,2012-06-25,88.3,202.3,326.7,60.9,6.1,23.0,0.49,1,0,real_negative_sample,calibrated_climatological
Guwahati,Assam,26.1049,91.7369,2012-06-25,113.5,233.6,441.9,76.2,18.1,20.0,0.4,1,1,real_event,calibrated_climatological
Agartala,Tripura,22.8088,88.278,2012-06-28,101.7,202.3,383.3,78.1,5.0,168.5,0.58,1,0,real_negative_sample,calibrated_climatological
Tura,Meghalaya,24.2434,89.6499,2012-07-02,56.0,136.2,205.9,65.8,34.1,346.9,0.64,3,0,real_negative_sample,calibrated_climatological
Agartala,Tripura,22.4402,89.6088,2012-07-03,72.5,168.2,337.9,57.1,19.5,58.4,0.59,1,0,real_negative_sample,calibrated_climatological
Kamjong,Manipur,22.9004,96.7497,2012-07-03,22.2,50.4,106.2,60.3,31.3,1108.8,0.48,2,0,real_negative_sample,calibrated_climatological
Upper Siang,Arunachal Pradesh,28.9986,94.8885,2012-07-05,105.3,245.5,386.0,64.4,34.2,1631.5,0.51,2,1,real_event,calibrated_climatological
Agartala,Tripura,23.8116,91.8201,2012-07-07,16.8,47.0,91.4,73.6,14.8,20.0,0.41,1,0,real_negative_sample,calibrated_climatological
Upper Siang,Arunachal Pradesh,28.9025,94.2183,2012-07-08,79.7,177.3,281.5,84.5,33.8,1640.7,0.43,2,0,real_negative_sample,calibrated_climatological
Dibrugarh,Assam,27.6841,95.104,2012-07-08,67.5,110.9,223.1,88.1,7.9,112.4,0.62,1,0,real_negative_sample,calibrated_climatological
Tura,Meghalaya,24.4589,90.1919,2012-07-08,47.8,113.3,185.0,48.7,36.8,353.7,0.54,3,0,real_negative_sample,calibrated_climatological
Goalpara,Assam,25.941,90.5878,2012-07-13,21.0,47.8,110.0,68.5,13.1,20.0,0.49,1,0,real_negative_sample,calibrated_climatological
Kamjong,Manipur,24.0171,95.693,2012-07-14,34.5,77.7,133.4,68.8,40.4,1218.1,0.5,2,0,real_negative_sample,calibrated_climatological
Champhai,Mizoram,22.5194,95.9578,2012-07-14,31.1,78.2,142.8,64.4,29.3,1086.0,0.59,2,0,real_negative_sample,calibrated_climatological
Agartala,Tripura,22.5984,91.2842,2012-07-15,54.8,111.8,194.2,61.3,8.4,46.4,0.56,1,0,real_negative_sample,calibrated_climatological
Anjaw,Arunachal Pradesh,28.4818,96.8422,2012-07-17,54.9,134.2,238.2,45.5,42.2,2022.2,0.59,2,0,real_negative_sample,calibrated_climatological
Kamjong,Manipur,25.3661,96.9945,2012-07-19,48.0,124.8,228.8,53.7,34.3,1024.2,0.43,2,0,real_negative_sample,calibrated_climatological
West Garo Hills,Meghalaya,26.8546,88.3373,2012-07-19,136.5,332.6,643.7,74.1,39.3,336.2,0.42,3,1,real_event,calibrated_climatological
Dimapur,Nagaland,25.6557,93.7665,2012-07-23,40.5,72.6,107.5,70.9,5.0,123.3,0.71,1,0,real_negative_sample,calibrated_climatological
Jiribam,Manipur,24.3651,93.1767,2012-07-24,45.8,123.4,224.8,74.4,22.1,837.9,0.6,2,0,real_negative_sample,calibrated_climatological
Champhai,Mizoram,23.5572,94.3167,2012-07-27,82.5,167.5,243.5,75.8,32.5,1025.5,0.53,2,0,real_negative_sample,calibrated_climatological
Goalpara,Assam,27.6486,90.4682,2012-07-27,84.9,177.9,249.8,66.5,7.2,79.2,0.37,1,0,real_negative_sample,calibrated_climatological
Goalpara,Assam,27.1254,91.1884,2012-07-28,51.6,106.1,186.2,65.4,5.0,23.0,0.42,1,0,real_negative_sample,calibrated_climatological
Saiha,Mizoram,22.4194,93.3983,2012-08-07,105.8,257.5,455.9,62.2,31.0,843.5,0.32,2,0,real_negative_sample,calibrated_climatological
Goalpara,Assam,25.9667,90.9301,2012-08-08,17.8,47.5,88.6,55.7,8.1,130.1,0.61,1,0,real_negative_sample,calibrated_climatological
Goalpara,Assam,27.5289,90.2611,2012-08-08,145.0,322.2,470.8,52.0,9.3,63.7,0.47,1,0,real_negative_sample,calibrated_climatological
Agartala,Tripura,22.8138,90.4788,2012-08-12,34.3,87.4,176.8,89.6,17.1,20.0,0.4,1,0,real_negative_sample,calibrated_climatological
Nongstoin,Meghalaya,24.8301,90.9022,2012-08-18,61.9,127.2,208.5,45.1,49.4,1372.0,0.58,3,0,real_negative_sample,calibrated_climatological
Lakhimpur,Assam,28.3635,93.4602,2012-08-20,8.0,37.3,82.1,71.3,19.3,115.9,0.57,1,0,real_negative_sample,calibrated_climatological
Goalpara,Assam,28.3697,90.3979,2012-08-23,43.2,112.2,182.3,74.0,6.3,28.3,0.59,1,0,real_negative_sample,calibrated_climatological
Agartala,Tripura,23.0651,89.3649,2012-08-24,90.6,174.3,270.2,74.8,5.0,99.3,0.66,1,0,real_negative_sample,calibrated_climatological
West Garo Hills,Meghalaya,25.8311,89.6764,2012-08-26,65.0,134.7,190.0,62.7,35.3,281.2,0.52,3,0,real_negative_sample,calibrated_climatological
Champhai,Mizoram,22.8408,93.5984,2012-08-27,61.8,122.2,203.6,59.0,24.1,1029.8,0.47,2,0,real_negative_sample,calibrated_climatological
Anjaw,Arunachal Pradesh,29.1191,96.4504,2012-08-28,9.6,40.5,83.3,62.0,41.1,2051.3,0.55,2,0,real_negative_sample,calibrated_climatological
Itanagar,Arunachal Pradesh,28.6196,91.6432,2012-09-01,67.5,142.7,284.0,67.0,35.8,428.9,0.53,2,0,real_negative_sample,calibrated_climatological
Kamjong,Manipur,23.1486,96.285,2012-09-02,18.1,44.3,88.3,78.1,32.1,1191.8,0.67,2,0,real_negative_sample,calibrated_climatological
Agartala,Tripura,23.6148,89.0446,2012-09-04,54.4,115.9,225.6,73.3,15.1,45.7,0.5,1,0,real_negative_sample,calibrated_climatological
Goalpara,Assam,28.8817,91.0005,2012-09-04,31.7,68.4,122.7,54.4,5.0,125.0,0.58,1,0,real_negative_sample,calibrated_climatological
Itanagar,Arunachal Pradesh,28.3673,92.5151,2012-09-07,68.5,113.5,218.7,76.5,39.0,344.8,0.57,2,0,real_negative_sample,calibrated_climatological
Kamjong,Manipur,25.1693,94.6044,2012-09-12,54.1,125.1,224.5,64.0,35.1,1079.4,0.53,2,0,real_negative_sample,calibrated_climatological
Goalpara,Assam,27.0377,88.3603,2012-09-14,35.2,102.6,206.4,71.8,10.1,20.0,0.35,1,1,real_event,calibrated_climatological
Goalpara,Assam,27.5205,89.7466,2012-09-14,124.9,309.3,613.9,67.1,10.7,146.7,0.54,1,1,real_event,calibrated_climatological
Goalpara,Assam,26.8597,89.3903,2012-09-15,60.0,163.1,334.7,78.2,13.1,21.0,0.6,1,1,real_event,calibrated_climatological
Goalpara,Assam,27.1675,88.3651,2012-09-16,53.1,133.2,271.8,76.5,8.0,20.0,0.43,1,1,real_event,calibrated_climatological
Tamenglong,Manipur,24.9001,93.4551,2012-09-16,30.7,91.4,192.7,52.6,39.6,1144.9,0.54,2,0,real_negative_sample,calibrated_climatological
Kamjong,Manipur,24.8814,94.8376,2012-09-17,19.9,45.0,113.1,69.0,31.4,1070.7,0.55,2,0,real_negative_sample,calibrated_climatological
Agartala,Tripura,22.631,88.3712,2012-09-18,18.4,62.6,124.1,71.4,20.1,77.7,0.6,1,0,real_negative_sample,calibrated_climatological
Pasighat,Arunachal Pradesh,27.8458,95.2253,2012-09-19,31.7,73.7,187.5,93.7,39.6,148.0,0.46,2,1,real_event,calibrated_climatological
Goalpara,Assam,27.6558,88.605,2012-09-19,18.8,44.3,94.0,79.2,8.0,114.2,0.71,1,1,real_event,calibrated_climatological
Goalpara,Assam,27.8385,88.556,2012-09-19,89.6,174.6,369.8,86.8,8.0,20.0,0.37,1,1,real_event,calibrated_climatological
West Garo Hills,Meghalaya,26.8016,88.0499,2012-10-01,24.2,68.2,132.2,65.9,40.5,310.4,0.54,3,1,real_event,calibrated_climatological
Agartala,Tripura,23.4389,89.5626,2012-10-15,34.8,76.2,167.7,81.9,7.3,20.0,0.46,1,0,real_negative_sample,calibrated_climatological
Champhai,Mizoram,22.7914,96.0908,2012-10-19,5.0,36.9,83.5,71.3,27.3,937.1,0.75,2,0,real_negative_sample,calibrated_climatological
Kamjong,Manipur,24.5945,96.2327,2012-10-26,12.3,32.5,93.6,64.7,20.3,1295.4,0.69,2,0,real_negative_sample,calibrated_climatological
Agartala,Tripura,22.3998,88.6061,2012-10-26,36.4,92.8,142.1,60.5,8.7,20.0,0.6,1,0,real_negative_sample,calibrated_climatological
Mamit,Mizoram,23.7705,92.5217,2012-11-11,32.0,98.9,184.3,71.0,32.3,839.1,0.46,2,1,real_event,calibrated_climatological
West Garo Hills,Meghalaya,24.7264,89.3657,2012-12-14,10.0,43.6,91.8,47.1,43.4,373.4,0.56,3,0,real_negative_sample,calibrated_climatological
Goalpara,Assam,26.7574,89.5022,2012-12-17,30.9,69.9,130.2,57.3,8.7,74.5,0.68,1,0,real_negative_sample,calibrated_climatological
Kamjong,Manipur,23.2796,96.6797,2013-01-28,24.2,69.5,130.3,56.5,25.1,1207.5,0.58,2,0,real_negative_sample,calibrated_climatological
Lunglei,Mizoram,22.6205,91.6591,2013-01-30,21.7,61.8,135.9,61.3,41.1,1015.7,0.48,2,1,real_event,calibrated_climatological
Upper Siang,Arunachal Pradesh,28.1193,95.1645,2013-02-18,21.3,68.4,166.9,80.1,54.8,1673.9,0.51,2,1,real_event,calibrated_climatological
Thoubal,Manipur,23.9427,94.9789,2013-02-26,7.7,40.8,94.3,71.0,12.0,923.6,0.58,1,0,real_negative_sample,calibrated_climatological
Tezu,Arunachal Pradesh,28.8254,96.1509,2013-04-07,26.7,68.0,133.9,85.4,19.6,220.5,0.53,1,1,real_event,calibrated_climatological
Agartala,Tripura,22.5231,90.4829,2013-04-10,17.1,54.9,87.6,71.3,5.0,130.1,0.62,1,0,real_negative_sample,calibrated_climatological
Churachandpur,Manipur,23.966,94.3065,2013-04-13,18.7,46.1,95.8,62.4,35.9,935.6,0.46,2,0,real_negative_sample,calibrated_climatological
Itanagar,Arunachal Pradesh,27.1514,92.7526,2013-04-14,15.2,47.1,118.2,69.4,30.2,318.4,0.33,2,0,real_negative_sample,calibrated_climatological
Champhai,Mizoram,23.6855,94.0376,2013-04-27,2.4,18.5,56.6,71.7,26.8,970.7,0.54,2,0,real_negative_sample,calibrated_climatological
Guwahati,Assam,27.5765,91.2685,2013-04-28,19.6,47.4,112.7,62.8,5.0,110.9,0.66,1,0,real_negative_sample,calibrated_climatological
Champhai,Mizoram,23.2344,94.8168,2013-05-06,82.8,155.6,305.0,64.3,24.2,1032.7,0.34,2,0,real_negative_sample,calibrated_climatological
Kolasib,Mizoram,24.2315,92.6755,2013-05-07,8.0,39.9,109.9,63.5,24.8,579.9,0.51,2,1,real_event,calibrated_climatological
Agartala,Tripura,24.0896,91.4663,2013-05-08,97.0,250.1,358.8,70.6,14.0,20.0,0.59,1,1,real_event,calibrated_climatological
Aizawl,Mizoram,23.7281,92.7175,2013-05-11,94.8,206.9,324.6,84.1,37.6,1236.9,0.57,2,1,real_event,calibrated_climatological
Guwahati,Assam,26.1662,91.7138,2013-05-11,92.0,211.1,426.4,63.4,9.2,20.0,0.52,1,1,real_event,calibrated_climatological
Guwahati,Assam,26.1771,91.7599,2013-05-11,115.6,291.5,511.3,79.2,8.0,20.0,0.52,1,1,real_event,calibrated_climatological
Guwahati,Assam,26.1016,91.6906,2013-05-11,59.0,148.1,219.8,71.7,8.0,20.0,0.5,1,1,real_event,calibrated_climatological
Tamenglong,Manipur,24.9926,93.4946,2013-05-12,78.3,194.6,349.7,78.1,45.6,1279.8,0.54,2,1,real_event,calibrated_climatological
Guwahati,Assam,26.7997,91.2583,2013-06-01,77.5,166.7,225.6,76.9,5.6,20.0,0.67,1,0,real_negative_sample,calibrated_climatological
Lakhimpur,Assam,27.8776,94.25,2013-06-01,58.4,157.7,249.5,80.4,16.5,88.6,0.52,1,1,real_event,calibrated_climatological
Mokokchung,Nagaland,26.0977,94.7499,2013-06-07,119.7,225.2,445.6,83.4,29.0,1386.9,0.48,3,1,real_event,calibrated_climatological
Mokokchung,Nagaland,26.0977,94.7031,2013-06-07,25.4,71.1,181.2,90.5,29.3,1565.9,0.42,3,1,real_event,calibrated_climatological
Goalpara,Assam,27.3721,88.708,2013-06-08,88.2,185.8,322.6,78.9,16.9,20.0,0.48,1,1,real_event,calibrated_climatological
West Garo Hills,Meghalaya,24.0677,88.4698,2013-06-09,125.8,206.4,373.7,67.0,40.6,349.2,0.33,3,0,real_negative_sample,calibrated_climatological
Diphu,Assam,25.6195,93.0196,2013-06-12,80.2,182.8,331.0,55.1,23.5,260.7,0.61,1,0,real_negative_sample,calibrated_climatological
Goalpara,Assam,27.5282,88.3061,2013-06-13,65.9,114.3,162.2,52.4,19.0,57.4,0.52,1,0,real_negative_sample,calibrated_climatological
Goalpara,Assam,27.5664,89.3946,2013-06-23,31.6,79.9,149.8,62.1,7.8,101.0,0.52,1,0,real_negative_sample,calibrated_climatological
West Garo Hills,Meghalaya,25.992,88.8294,2013-06-23,37.7,89.4,183.2,63.3,40.6,328.6,0.5,3,0,real_negative_sample,calibrated_climatological
Dimapur,Nagaland,25.8775,93.8236,2013-06-24,64.3,157.0,236.2,55.5,5.3,207.6,0.55,1,0,real_negative_sample,calibrated_climatological
Agartala,Tripura,22.2419,88.2308,2013-06-25,36.2,82.4,141.4,70.8,5.0,20.0,0.44,1,0,real_negative_sample,calibrated_climatological
Goalpara,Assam,27.3765,88.7628,2013-06-27,142.6,323.6,497.2,52.9,8.3,20.0,0.57,1,1,real_event,calibrated_climatological
Kamjong,Manipur,24.9393,95.3987,2013-06-27,22.2,48.1,118.1,69.3,31.5,1208.7,0.51,2,0,real_negative_sample,calibrated_climatological
Mokokchung,Nagaland,26.1147,94.3864,2013-07-01,69.5,187.7,347.8,57.9,26.1,1388.4,0.48,3,1,real_event,calibrated_climatological
Mokokchung,Nagaland,26.72,95.029,2013-07-01,85.5,211.0,382.5,69.4,40.1,1248.4,0.36,3,1,real_event,calibrated_climatological
Agartala,Tripura,22.5961,88.6698,2013-07-04,99.1,209.9,338.2,53.4,5.2,20.0,0.5,1,0,real_negative_sample,calibrated_climatological
Dawki,Meghalaya,24.8391,91.9339,2013-07-06,96.4,180.6,315.1,80.9,37.5,446.1,0.46,3,0,real_negative_sample,calibrated_climatological
Dimapur,Nagaland,25.7127,93.7968,2013-07-06,8.0,25.6,55.6,63.7,5.0,277.7,0.45,1,0,real_negative_sample,calibrated_climatological
Jorhat,Assam,26.4813,93.6705,2013-07-07,34.5,88.9,164.9,73.1,9.3,77.8,0.59,1,0,real_negative_sample,calibrated_climatological
Kamjong,Manipur,24.8136,96.2872,2013-07-07,65.2,148.1,227.6,52.2,25.8,1205.6,0.64,2,0,real_negative_sample,calibrated_climatological
Goalpara,Assam,27.611,89.967,2013-07-09,36.1,79.6,155.2,88.2,7.5,52.4,0.6,1,0,real_negative_sample,calibrated_climatological
Agartala,Tripura,23.7893,90.7818,2013-07-09,41.3,88.3,142.4,63.1,12.6,68.5,0.42,1,0,real_negative_sample,calibrated_climatological
Itanagar,Arunachal Pradesh,28.6815,92.6494,2013-07-11,95.9,159.9,329.7,68.7,34.9,338.4,0.47,2,0,real_negative_sample,calibrated_climatological
Kohima,Nagaland,25.616,94.1167,2013-07-12,38.6,106.7,171.3,71.2,30.7,1402.0,0.43,3,1,real_event,calibrated_climatological
Kohima,Nagaland,25.6269,94.1139,2013-07-12,64.6,132.9,262.7,82.4,34.1,1483.7,0.39,3,1,real_event,calibrated_climatological
Upper Siang,Arunachal Pradesh,29.17,93.5574,2013-07-13,100.7,230.0,303.9,77.2,41.0,1720.5,0.48,2,0,real_negative_sample,calibrated_climatological
West Garo Hills,Meghalaya,25.3801,89.9824,2013-07-13,67.3,112.4,206.0,55.8,43.0,267.5,0.75,3,0,real_negative_sample,calibrated_climatological
Anjaw,Arunachal Pradesh,28.8368,96.542,2013-07-14,55.7,131.8,272.2,67.3,42.3,1903.8,0.59,2,0,real_negative_sample,calibrated_climatological
Itanagar,Arunachal Pradesh,27.0829,93.4134,2013-07-14,94.0,223.2,389.7,68.7,41.4,462.5,0.63,2,0,real_negative_sample,calibrated_climatological
Anjaw,Arunachal Pradesh,27.8381,96.7839,2013-07-15,80.0,171.5,290.4,53.9,32.1,2161.2,0.51,2,0,real_negative_sample,calibrated_climatological
Kohima,Nagaland,25.6269,94.1139,2013-07-15,96.2,252.2,488.5,68.4,31.7,1343.8,0.61,3,1,real_event,calibrated_climatological
Guwahati,Assam,26.2576,91.6745,2013-07-15,37.8,104.6,197.5,66.4,10.7,22.5,0.35,1,0,real_negative_sample,calibrated_climatological
Karimganj,Assam,25.0417,92.4824,2013-07-16,46.3,98.4,189.6,67.4,7.7,20.0,0.52,1,0,real_negative_sample,calibrated_climatological
Kohima,Nagaland,25.7131,94.0885,2013-07-17,106.5,195.4,406.7,64.9,35.5,1515.5,0.68,3,1,real_event,calibrated_climatological
Kohima,Nagaland,25.7658,93.9413,2013-07-17,49.5,110.5,245.1,76.4,28.6,1296.7,0.52,3,1,real_event,calibrated_climatological
West Garo Hills,Meghalaya,25.7368,88.4407,2013-07-20,45.4,98.0,159.6,67.9,28.1,278.2,0.37,3,0,real_negative_sample,calibrated_climatological
Longding,Arunachal Pradesh,27.0328,96.1479,2013-07-21,20.9,58.9,127.7,74.3,32.8,866.1,0.61,2,0,real_negative_sample,calibrated_climatological
Champhai,Mizoram,22.4075,96.561,2013-07-25,22.3,66.6,150.8,45.8,27.1,1195.2,0.37,2,0,real_negative_sample,calibrated_climatological
Goalpara,Assam,26.043,90.6455,2013-07-26,41.3,81.7,145.3,67.5,5.2,89.8,0.58,1,0,real_negative_sample,calibrated_climatological
Tinsukia,Assam,27.6286,95.4629,2013-07-26,90.1,185.9,284.0,71.0,16.1,156.9,0.51,1,0,real_negative_sample,calibrated_climatological
Lunglei,Mizoram,22.3521,91.8151,2013-07-28,79.4,165.8,285.7,73.2,43.9,905.6,0.59,2,1,real_event,calibrated_climatological
Itanagar,Arunachal Pradesh,27.8837,93.0515,2013-08-01,129.0,301.1,564.0,69.0,39.0,274.1,0.3,2,1,real_event,calibrated_climatological
Upper Siang,Arunachal Pradesh,28.3725,94.1842,2013-08-02,13.1,46.1,85.5,56.1,39.2,1576.4,0.53,2,0,real_negative_sample,calibrated_climatological
Phek,Nagaland,25.8376,94.5234,2013-08-04,56.1,120.3,208.9,72.0,34.4,1336.3,0.51,3,1,real_event,calibrated_climatological
Mokokchung,Nagaland,26.284,94.5808,2013-08-04,102.1,270.4,500.7,78.8,47.5,1312.5,0.56,3,1,real_event,calibrated_climatological
Mokokchung,Nagaland,26.0137,94.5163,2013-08-04,26.2,74.5,132.4,83.1,27.2,1207.5,0.41,3,1,real_event,calibrated_climatological
Mokokchung,Nagaland,26.1807,94.5497,2013-08-04,75.0,192.8,353.9,60.5,28.9,1298.3,0.64,3,1,real_event,calibrated_climatological
Mokokchung,Nagaland,26.1498,94.6055,2013-08-04,107.0,194.8,412.5,85.9,22.4,1323.7,0.58,3,1,real_event,calibrated_climatological
Mokokchung,Nagaland,26.0838,94.564,2013-08-04,54.4,149.4,271.9,73.1,26.0,1201.2,0.4,3,1,real_event,calibrated_climatological
Mokokchung,Nagaland,26.0481,94.4619,2013-08-04,60.1,145.2,298.6,69.1,28.9,1291.1,0.54,3,1,real_event,calibrated_climatological
Mokokchung,Nagaland,26.2083,94.5438,2013-08-04,64.4,130.7,251.1,67.0,31.1,1405.2,0.39,3,1,real_event,calibrated_climatological
Phek,Nagaland,25.6133,95.1151,2013-08-07,66.5,136.6,203.8,66.1,22.5,1611.7,0.4,3,0,real_negative_sample,calibrated_climatological
Senapati,Manipur,25.318,94.0441,2013-08-09,35.7,84.6,181.5,72.1,33.0,1478.3,0.42,2,1,real_event,calibrated_climatological
Guwahati,Assam,26.6778,91.5414,2013-08-11,43.1,85.6,137.2,60.6,9.1,20.0,0.38,1,0,real_negative_sample,calibrated_climatological
Mokokchung,Nagaland,26.7103,94.693,2013-08-11,160.1,383.1,572.1,70.1,28.2,1366.6,0.46,3,1,real_event,calibrated_climatological
Itanagar,Arunachal Pradesh,28.7762,92.6059,2013-08-11,84.3,160.6,228.6,80.6,28.3,456.6,0.47,2,0,real_negative_sample,calibrated_climatological
Goalpara,Assam,27.5456,89.6008,2013-08-12,26.5,66.8,146.3,66.3,12.5,111.3,0.56,1,0,real_negative_sample,calibrated_climatological
Champhai,Mizoram,22.9238,95.2695,2013-08-14,44.5,84.3,168.5,74.5,37.0,1049.2,0.6,2,0,real_negative_sample,calibrated_climatological
Senapati,Manipur,25.3833,94.1884,2013-08-15,149.2,365.5,567.8,68.4,33.6,1400.0,0.62,2,1,real_event,calibrated_climatological
Dibrugarh,Assam,26.8727,94.9275,2013-08-16,102.3,269.3,463.2,70.8,8.0,86.0,0.4,1,1,real_event,calibrated_climatological
Mokokchung,Nagaland,26.4205,94.9731,2013-08-16,33.6,98.3,160.8,84.1,34.2,1205.9,0.74,3,1,real_event,calibrated_climatological
Diphu,Assam,26.2687,93.2919,2013-08-16,73.7,168.1,288.5,69.8,22.7,184.3,0.52,1,0,real_negative_sample,calibrated_climatological
Mokokchung,Nagaland,26.3897,94.9439,2013-08-16,81.6,201.8,339.4,67.3,35.0,1284.9,0.45,3,1,real_event,calibrated_climatological
Tamenglong,Manipur,24.7625,93.4341,2013-08-17,187.7,382.5,723.2,73.0,36.4,1328.6,0.48,2,1,real_event,calibrated_climatological
Upper Siang,Arunachal Pradesh,27.9793,94.8116,2013-08-17,50.4,95.8,164.6,74.1,40.2,1842.0,0.63,2,0,real_negative_sample,calibrated_climatological
West Garo Hills,Meghalaya,26.4973,88.2131,2013-08-19,76.2,159.1,273.9,70.4,39.9,355.0,0.75,3,0,real_negative_sample,calibrated_climatological
Diphu,Assam,25.8159,93.2625,2013-08-20,82.2,145.3,276.5,68.6,20.1,308.1,0.43,1,0,real_negative_sample,calibrated_climatological
Goalpara,Assam,28.6656,88.3889,2013-08-21,87.1,171.1,316.4,62.8,9.4,20.0,0.75,1,0,real_negative_sample,calibrated_climatological
Jiribam,Manipur,24.9247,93.0512,2013-08-23,108.2,254.0,489.3,61.5,18.0,734.1,0.59,2,0,real_negative_sample,calibrated_climatological
Champhai,Mizoram,22.9167,93.6833,2013-08-23,108.1,256.4,477.6,75.3,29.0,1026.5,0.45,2,1,real_event,calibrated_climatological
Aizawl,Mizoram,23.6138,92.5762,2013-08-25,75.8,142.7,277.9,74.3,34.5,1015.5,0.39,2,0,real_negative_sample,calibrated_climatological
Kolasib,Mizoram,24.3081,93.0188,2013-08-25,77.5,147.2,271.5,68.6,28.1,646.0,0.57,2,0,real_negative_sample,calibrated_climatological
Jorhat,Assam,26.9685,94.2502,2013-08-27,43.2,116.0,226.4,61.7,9.4,23.4,0.57,1,0,real_negative_sample,calibrated_climatological
Kamjong,Manipur,24.7182,96.7116,2013-08-28,43.1,108.1,223.5,90.0,39.1,1166.6,0.55,2,0,real_negative_sample,calibrated_climatological
Mokokchung,Nagaland,26.4205,94.9731,2013-08-30,118.5,315.4,487.2,61.1,27.9,1401.0,0.41,3,1,real_event,calibrated_climatological
Tamenglong,Manipur,24.9037,93.487,2013-09-01,16.9,65.9,131.5,77.1,42.4,1463.9,0.43,2,1,real_event,calibrated_climatological
Goalpara,Assam,27.3425,88.2426,2013-09-01,92.4,198.3,351.4,73.2,15.8,20.0,0.55,1,1,real_event,calibrated_climatological
Tamenglong,Manipur,24.9829,93.5063,2013-09-01,30.9,77.7,175.0,67.3,30.3,1338.3,0.32,2,1,real_event,calibrated_climatological
Itanagar,Arunachal Pradesh,27.1614,93.7525,2013-09-02,30.8,79.8,156.3,59.4,38.5,378.7,0.47,2,1,real_event,calibrated_climatological
Upper Siang,Arunachal Pradesh,28.611,94.9829,2013-09-02,44.8,123.3,215.5,76.9,43.7,1721.3,0.39,2,1,real_event,calibrated_climatological
Lunglei,Mizoram,22.3808,92.1083,2013-09-06,61.1,136.3,252.5,67.7,34.4,1114.9,0.52,2,0,real_negative_sample,calibrated_climatological
Kolasib,Mizoram,24.4218,92.6747,2013-09-07,16.3,59.3,130.0,79.9,27.4,744.9,0.62,2,0,real_negative_sample,calibrated_climatological
Agartala,Tripura,24.2754,90.5138,2013-09-07,19.5,54.0,132.9,63.6,6.1,20.0,0.5,1,0,real_negative_sample,calibrated_climatological
Goalpara,Assam,27.3736,88.7323,2013-09-07,17.0,63.3,145.6,73.0,8.0,20.0,0.45,1,1,real_event,calibrated_climatological
Tezu,Arunachal Pradesh,28.3496,95.8984,2013-09-07,55.7,126.7,248.6,63.0,7.4,102.3,0.49,1,0,real_negative_sample,calibrated_climatological
Goalpara,Assam,27.6047,88.6463,2013-09-08,15.0,38.6,94.7,74.8,8.0,39.2,0.6,1,1,real_event,calibrated_climatological
Churachandpur,Manipur,24.4067,93.5105,2013-09-14,62.7,149.4,258.9,67.7,39.4,867.7,0.62,2,0,real_negative_sample,calibrated_climatological
Agartala,Tripura,23.249,89.5543,2013-09-14,56.9,127.9,225.8,68.5,5.1,148.9,0.46,1,0,real_negative_sample,calibrated_climatological
Saiha,Mizoram,22.2908,94.2674,2013-09-15,59.6,147.9,285.0,72.5,22.9,878.9,0.57,2,0,real_negative_sample,calibrated_climatological
Goalpara,Assam,27.0599,88.4674,2013-09-16,46.9,115.7,255.9,89.7,8.0,20.0,0.54,1,1,real_event,calibrated_climatological
Tamenglong,Manipur,25.2506,93.5738,2013-09-16,43.2,88.7,157.7,58.8,35.9,1429.5,0.72,2,0,real_negative_sample,calibrated_climatological
Goalpara,Assam,26.8259,90.9166,2013-09-22,14.5,51.1,82.4,73.7,5.2,24.7,0.48,1,0,real_negative_sample,calibrated_climatological
Agartala,Tripura,22.2987,89.9117,2013-09-23,77.3,195.7,381.3,65.5,5.0,20.0,0.62,1,0,real_negative_sample,calibrated_climatological
Ukhrul,Manipur,25.0985,94.3619,2013-09-24,78.8,197.5,314.7,80.7,33.7,1792.7,0.45,3,1,real_event,calibrated_climatological
Kohima,Nagaland,25.8266,94.1497,2013-10-05,27.8,78.4,140.1,82.1,30.6,1358.6,0.53,3,1,real_event,calibrated_climatological
West Garo Hills,Meghalaya,25.8816,89.7464,2013-10-06,7.5,41.2,95.7,73.7,41.3,295.3,0.47,3,0,real_negative_sample,calibrated_climatological
Guwahati,Assam,26.1665,91.7049,2013-10-06,77.9,162.5,270.2,72.3,8.0,83.1,0.4,1,1,real_event,calibrated_climatological
Guwahati,Assam,26.1309,91.8383,2013-10-06,69.3,166.8,313.9,71.1,9.7,73.4,0.38,1,1,real_event,calibrated_climatological
Phek,Nagaland,25.426,94.6024,2013-10-13,50.2,123.7,240.6,85.9,33.8,1622.1,0.57,3,1,real_event,calibrated_climatological
Lunglei,Mizoram,22.3475,91.8123,2014-02-03,12.9,51.4,124.1,58.4,37.6,1038.8,0.54,2,1,real_event,calibrated_climatological
Lunglei,Mizoram,22.2217,91.4055,2014-02-18,2.7,25.0,76.7,90.0,41.9,1030.7,0.65,2,0,real_negative_sample,calibrated_climatological
Lunglei,Mizoram,22.4515,92.3675,2014-03-02,35.2,76.7,134.0,69.5,31.2,911.8,0.61,2,0,real_negative_sample,calibrated_climatological
Agartala,Tripura,24.2604,90.5562,2014-03-08,35.5,72.9,118.0,60.9,11.1,20.0,0.4,1,0,real_negative_sample,calibrated_climatological
Longding,Arunachal Pradesh,25.8509,97.4381,2014-03-20,12.5,48.2,103.9,73.2,41.8,965.6,0.5,2,1,real_event,calibrated_climatological
Mamit,Mizoram,23.68,92.0567,2014-03-21,17.3,40.6,72.4,60.2,34.9,842.4,0.36,2,0,real_negative_sample,calibrated_climatological
Champhai,Mizoram,22.4691,96.5107,2014-03-24,14.8,50.8,100.9,51.0,31.8,1100.8,0.61,2,0,real_negative_sample,calibrated_climatological
Mokokchung,Nagaland,26.4144,94.4505,2014-03-27,42.4,100.1,160.4,72.3,33.2,1331.2,0.5,3,0,real_negative_sample,calibrated_climatological
Hailakandi,Assam,24.6775,92.4164,2014-05-04,89.1,194.0,295.6,55.4,21.0,91.6,0.63,1,0,real_negative_sample,calibrated_climatological
Tezu,Arunachal Pradesh,27.9032,96.174,2014-05-08,13.1,64.2,153.4,66.7,11.0,312.3,0.49,1,1,real_event,calibrated_climatological
Karimganj,Assam,24.8669,92.3576,2014-05-09,50.4,139.8,278.6,88.0,26.6,20.0,0.44,1,1,real_event,calibrated_climatological
Karimganj,Assam,24.4136,91.7561,2014-05-10,104.5,232.0,432.7,75.0,8.0,123.7,0.59,1,1,real_event,calibrated_climatological
Lunglei,Mizoram,22.7962,92.414,2014-05-10,79.8,163.4,218.1,55.6,40.9,1013.6,0.57,2,0,real_negative_sample,calibrated_climatological
Karimganj,Assam,24.5784,91.7227,2014-05-10,42.9,104.3,213.2,69.8,17.3,20.0,0.42,1,1,real_event,calibrated_climatological
Agartala,Tripura,23.9526,91.16,2014-05-15,71.1,168.0,325.3,73.4,7.9,20.0,0.4,1,0,real_negative_sample,calibrated_climatological
Longding,Arunachal Pradesh,26.6394,96.9403,2014-05-20,5.0,35.9,59.8,69.2,35.3,851.4,0.57,2,0,real_negative_sample,calibrated_climatological
Guwahati,Assam,26.213,91.412,2014-05-20,59.0,105.8,179.1,62.6,5.0,73.9,0.59,1,0,real_negative_sample,calibrated_climatological
West Garo Hills,Meghalaya,26.1689,88.7179,2014-05-28,5.6,23.0,55.8,84.7,37.9,270.0,0.45,3,0,real_negative_sample,calibrated_climatological
West Garo Hills,Meghalaya,25.5642,88.2091,2014-06-04,63.7,140.3,217.7,66.5,38.7,312.4,0.37,3,0,real_negative_sample,calibrated_climatological
Longding,Arunachal Pradesh,26.0961,96.0731,2014-06-04,66.5,122.8,252.9,89.7,47.4,820.8,0.71,2,0,real_negative_sample,calibrated_climatological
Agartala,Tripura,22.5951,89.2963,2014-06-06,8.0,42.7,95.0,60.9,13.9,20.0,0.49,1,0,real_negative_sample,calibrated_climatological
Goalpara,Assam,27.8859,89.5561,2014-06-08,87.3,209.4,384.9,62.5,10.8,20.0,0.46,1,0,real_negative_sample,calibrated_climatological
Lakhimpur,Assam,27.5991,94.2568,2014-06-11,31.7,76.7,148.5,57.7,9.3,31.6,0.53,1,0,real_negative_sample,calibrated_climatological
East Jaintia Hills,Meghalaya,25.4032,92.0926,2014-06-11,38.5,87.6,150.7,68.7,42.6,737.7,0.5,3,0,real_negative_sample,calibrated_climatological
Itanagar,Arunachal Pradesh,27.4966,93.2336,2014-06-16,71.0,168.7,240.4,61.0,34.2,485.7,0.64,2,0,real_negative_sample,calibrated_climatological
Mokokchung,Nagaland,26.3491,95.11,2014-06-21,35.3,101.8,169.7,62.0,25.6,1207.8,0.55,3,0,real_negative_sample,calibrated_climatological
Kamjong,Manipur,23.9562,95.5855,2014-06-23,47.4,116.8,194.0,62.3,19.4,1207.6,0.49,2,0,real_negative_sample,calibrated_climatological
Goalpara,Assam,28.7787,89.9699,2014-06-24,97.3,173.7,313.8,65.8,5.0,20.0,0.69,1,0,real_negative_sample,calibrated_climatological
Goalpara,Assam,26.7253,90.5066,2014-06-24,68.2,129.3,229.5,68.2,6.2,20.0,0.46,1,0,real_negative_sample,calibrated_climatological
Tezu,Arunachal Pradesh,28.3918,96.3799,2014-06-24,109.1,259.8,463.3,68.9,16.3,209.8,0.47,1,0,real_negative_sample,calibrated_climatological
Dibrugarh,Assam,27.1647,94.8515,2014-06-24,48.5,106.8,184.8,63.9,5.0,146.2,0.46,1,0,real_negative_sample,calibrated_climatological
Dawki,Meghalaya,24.9716,91.9517,2014-06-26,75.0,135.6,196.5,80.0,46.7,393.4,0.37,3,0,real_negative_sample,calibrated_climatological
Guwahati,Assam,26.1844,91.7896,2014-06-26,172.3,371.2,531.1,65.6,8.0,31.6,0.59,1,1,real_event,calibrated_climatological
Guwahati,Assam,26.1407,91.7645,2014-06-26,44.6,110.8,181.0,85.0,13.3,20.0,0.51,1,1,real_event,calibrated_climatological
Anjaw,Arunachal Pradesh,28.662,96.323,2014-06-26,90.7,209.8,409.2,68.4,37.3,2086.1,0.42,2,0,real_negative_sample,calibrated_climatological
Upper Siang,Arunachal Pradesh,28.9205,95.3429,2014-06-26,96.9,207.2,375.4,65.8,45.3,1506.8,0.41,2,1,real_event,calibrated_climatological
Guwahati,Assam,26.1619,91.7697,2014-06-27,77.3,145.1,243.5,83.7,12.6,20.0,0.7,1,1,real_event,calibrated_climatological
Guwahati,Assam,26.1964,91.7652,2014-06-28,72.3,179.7,282.3,75.3,8.0,23.5,0.42,1,1,real_event,calibrated_climatological
Silchar,Assam,25.0102,92.7922,2014-07-01,53.3,114.5,192.6,65.2,10.1,20.0,0.49,1,0,real_negative_sample,calibrated_climatological
Kamjong,Manipur,23.4612,95.6383,2014-07-01,73.2,173.4,267.1,69.0,40.0,1211.8,0.54,2,0,real_negative_sample,calibrated_climatological
Nagaon,Assam,27.1863,92.486,2014-07-02,40.2,77.1,163.4,66.5,8.5,20.0,0.5,1,0,real_negative_sample,calibrated_climatological
Kamjong,Manipur,25.6157,96.3167,2014-07-04,114.5,255.3,397.9,74.7,29.1,1199.8,0.55,2,1,real_event,calibrated_climatological
Tezu,Arunachal Pradesh,28.2844,96.3195,2014-07-04,100.4,206.8,320.7,74.9,9.7,199.9,0.53,1,0,real_negative_sample,calibrated_climatological
Itanagar,Arunachal Pradesh,27.3941,93.5263,2014-07-06,61.4,147.8,287.5,67.8,31.2,347.5,0.57,2,0,real_negative_sample,calibrated_climatological
Itanagar,Arunachal Pradesh,27.0653,93.0142,2014-07-13,66.0,170.0,277.8,66.3,25.9,583.3,0.45,2,0,real_negative_sample,calibrated_climatological
Aizawl,Mizoram,23.7327,92.7463,2014-07-14,65.9,157.2,334.1,86.7,37.5,1171.4,0.5,2,1,real_event,calibrated_climatological
Goalpara,Assam,27.059,88.4694,2014-07-15,118.4,281.3,571.1,85.8,13.0,98.0,0.45,1,1,real_event,calibrated_climatological
Itanagar,Arunachal Pradesh,29.1051,91.7842,2014-07-15,82.5,160.2,313.4,66.8,35.0,283.0,0.44,2,0,real_negative_sample,calibrated_climatological
Anjaw,Arunachal Pradesh,28.21,96.9505,2014-07-15,8.0,42.2,101.4,81.3,45.4,2207.2,0.58,2,0,real_negative_sample,calibrated_climatological
Longding,Arunachal Pradesh,26.9276,96.7209,2014-07-16,51.2,103.4,172.4,73.9,41.9,1001.5,0.4,2,0,real_negative_sample,calibrated_climatological
Longding,Arunachal Pradesh,25.8925,96.8585,2014-07-16,36.9,79.1,132.1,78.3,39.9,811.2,0.43,2,0,real_negative_sample,calibrated_climatological
Jorhat,Assam,26.8215,94.282,2014-07-17,80.4,147.5,221.7,70.3,5.7,62.3,0.64,1,0,real_negative_sample,calibrated_climatological
West Garo Hills,Meghalaya,26.4905,89.1373,2014-07-26,78.3,133.9,248.2,82.7,29.5,150.0,0.48,3,0,real_negative_sample,calibrated_climatological
Champhai,Mizoram,23.2822,94.5234,2014-08-01,74.5,164.4,232.0,77.8,33.4,988.1,0.47,2,0,real_negative_sample,calibrated_climatological
West Garo Hills,Meghalaya,26.1596,88.6723,2014-08-02,76.1,193.8,273.2,55.8,46.3,428.2,0.61,3,0,real_negative_sample,calibrated_climatological
Champhai,Mizoram,22.8474,94.8641,2014-08-04,97.0,178.6,252.3,66.8,19.7,1197.5,0.57,2,0,real_negative_sample,calibrated_climatological
Goalpara,Assam,27.0382,89.6998,2014-08-05,56.1,149.8,232.9,66.9,16.7,20.0,0.61,1,0,real_negative_sample,calibrated_climatological
Goalpara,Assam,28.3989,91.1436,2014-08-10,41.4,103.8,223.7,49.3,8.4,20.0,0.5,1,0,real_negative_sample,calibrated_climatological
Jorhat,Assam,26.5104,94.1328,2014-08-11,55.6,117.7,195.5,72.8,6.1,238.0,0.53,1,0,real_negative_sample,calibrated_climatological
Kamjong,Manipur,24.3878,96.7365,2014-08-13,27.3,75.2,144.8,59.5,33.2,1047.1,0.46,2,0,real_negative_sample,calibrated_climatological
Agartala,Tripura,23.0137,91.7174,2014-08-14,129.7,274.5,417.7,69.6,8.0,41.2,0.49,1,1,real_event,calibrated_climatological
Itanagar,Arunachal Pradesh,27.0869,93.6086,2014-08-17,123.5,248.0,410.7,73.2,38.7,464.3,0.6,2,1,real_event,calibrated_climatological
Saiha,Mizoram,22.3417,94.3931,2014-08-19,98.9,210.4,312.9,67.4,25.7,858.0,0.49,2,0,real_negative_sample,calibrated_climatological
Upper Siang,Arunachal Pradesh,28.2951,95.0444,2014-08-21,81.3,172.1,326.5,62.6,45.9,1758.1,0.54,2,0,real_negative_sample,calibrated_climatological
Phek,Nagaland,25.5427,94.3811,2014-08-22,87.0,173.5,273.1,74.8,31.5,1460.4,0.49,3,0,real_negative_sample,calibrated_climatological
Dimapur,Nagaland,26.1995,94.0093,2014-08-23,31.8,71.8,144.0,69.5,5.0,256.6,0.51,1,0,real_negative_sample,calibrated_climatological
Longding,Arunachal Pradesh,26.8249,96.572,2014-08-26,81.5,186.5,264.7,63.1,38.7,965.0,0.47,2,0,real_negative_sample,calibrated_climatological
Tezu,Arunachal Pradesh,28.1356,95.8283,2014-09-01,51.9,131.5,246.0,87.0,23.3,128.6,0.61,1,0,real_negative_sample,calibrated_climatological
Tura,Meghalaya,23.9978,89.259,2014-09-06,30.5,63.6,107.3,76.2,30.6,382.5,0.67,3,0,real_negative_sample,calibrated_climatological
Phek,Nagaland,25.9466,94.6279,2014-09-08,155.0,356.7,617.6,79.0,35.8,1511.7,0.35,3,1,real_event,calibrated_climatological
Goalpara,Assam,28.5506,90.0631,2014-09-08,18.2,42.3,96.7,72.0,12.9,20.0,0.37,1,0,real_negative_sample,calibrated_climatological
Pasighat,Arunachal Pradesh,29.1331,95.5897,2014-09-09,38.4,93.2,179.8,71.8,42.9,131.4,0.63,2,0,real_negative_sample,calibrated_climatological
Anjaw,Arunachal Pradesh,28.6401,96.8652,2014-09-09,42.8,106.1,182.8,54.7,39.1,2146.9,0.51,2,0,real_negative_sample,calibrated_climatological
Kamjong,Manipur,24.4401,96.3406,2014-09-11,66.8,153.7,253.7,73.3,31.4,1136.6,0.49,2,0,real_negative_sample,calibrated_climatological
Agartala,Tripura,22.9007,90.1261,2014-09-12,27.5,64.6,154.3,55.9,6.0,20.0,0.58,1,0,real_negative_sample,calibrated_climatological
Champhai,Mizoram,22.9099,95.435,2014-09-16,40.7,79.7,148.8,77.0,27.2,828.9,0.65,2,0,real_negative_sample,calibrated_climatological
Guwahati,Assam,26.4175,91.8928,2014-09-16,32.8,74.2,127.1,73.8,5.0,84.0,0.57,1,0,real_negative_sample,calibrated_climatological
West Garo Hills,Meghalaya,25.7354,90.3852,2014-09-21,85.8,206.7,432.1,61.0,36.2,251.8,0.45,3,1,real_event,calibrated_climatological
Goalpara,Assam,27.0891,90.6611,2014-09-21,17.3,50.8,115.9,69.1,14.7,82.4,0.48,1,0,real_negative_sample,calibrated_climatological
Guwahati,Assam,26.1314,91.7548,2014-09-22,90.0,227.6,424.5,69.5,18.1,20.0,0.46,1,1,real_event,calibrated_climatological
Guwahati,Assam,26.1295,91.7056,2014-09-22,53.0,143.3,229.7,72.4,8.0,124.7,0.36,1,1,real_event,calibrated_climatological
Guwahati,Assam,26.1324,91.8342,2014-09-22,39.7,115.8,248.3,69.7,8.0,20.0,0.46,1,1,real_event,calibrated_climatological
Guwahati,Assam,26.1044,91.7082,2014-09-22,64.4,148.2,270.7,61.7,10.2,88.3,0.47,1,1,real_event,calibrated_climatological
Guwahati,Assam,26.1985,91.7998,2014-09-22,48.7,132.4,276.9,74.3,8.0,227.8,0.62,1,1,real_event,calibrated_climatological
Guwahati,Assam,26.1097,91.7747,2014-09-22,80.4,188.2,300.2,64.7,8.0,20.0,0.47,1,1,real_event,calibrated_climatological
Guwahati,Assam,26.1001,91.6849,2014-09-22,71.5,151.1,238.6,64.1,22.6,30.4,0.49,1,1,real_event,calibrated_climatological
Guwahati,Assam,26.159,91.8178,2014-09-22,75.3,134.4,273.6,66.7,8.0,110.9,0.42,1,1,real_event,calibrated_climatological
Shillong,Meghalaya,25.5772,91.8666,2014-09-23,45.3,142.5,278.2,50.2,20.7,1498.2,0.62,3,1,real_event,calibrated_climatological
West Garo Hills,Meghalaya,25.7238,89.9032,2014-09-23,91.6,225.6,381.7,74.0,48.5,404.7,0.53,3,1,real_event,calibrated_climatological
Goalpara,Assam,25.8143,90.5763,2014-09-24,8.0,37.2,104.9,67.6,10.4,107.1,0.51,1,1,real_event,calibrated_climatological
Cherrapunji,Meghalaya,24.9931,91.2479,2014-09-26,59.4,124.2,237.3,81.3,35.9,1101.8,0.46,3,0,real_negative_sample,calibrated_climatological
Champhai,Mizoram,23.0061,94.4727,2014-09-27,15.8,41.4,87.1,78.8,29.9,1101.3,0.43,2,0,real_negative_sample,calibrated_climatological
Itanagar,Arunachal Pradesh,27.1249,93.7706,2014-10-01,48.1,105.5,232.9,76.0,39.3,384.3,0.45,2,1,real_event,calibrated_climatological
Nongpoh,Meghalaya,25.9702,91.8587,2014-10-05,134.6,331.6,565.2,81.2,45.8,1016.9,0.59,3,1,real_event,calibrated_climatological
Dibrugarh,Assam,27.131,94.6408,2014-10-09,50.8,111.3,185.8,52.7,5.0,52.3,0.55,1,0,real_negative_sample,calibrated_climatological
Jorhat,Assam,26.4193,94.1446,2014-10-14,22.3,71.3,159.8,68.8,12.3,221.4,0.55,1,0,real_negative_sample,calibrated_climatological
West Garo Hills,Meghalaya,25.5006,90.0896,2014-10-20,71.0,162.9,295.5,70.8,42.8,245.7,0.57,3,1,real_event,calibrated_climatological
Upper Siang,Arunachal Pradesh,28.3552,94.9375,2014-10-20,5.0,23.0,64.7,76.7,48.4,1650.1,0.64,2,0,real_negative_sample,calibrated_climatological
Goalpara,Assam,27.4034,90.2853,2014-10-22,85.3,184.9,341.9,64.0,5.0,58.0,0.65,1,0,real_negative_sample,calibrated_climatological
Guwahati,Assam,26.6975,91.2363,2014-12-12,17.6,44.2,91.7,78.2,7.5,146.0,0.69,1,0,real_negative_sample,calibrated_climatological
Kamjong,Manipur,25.6172,96.3005,2015-01-06,26.3,75.8,146.4,81.2,42.4,1159.3,0.44,2,1,real_event,calibrated_climatological
Saiha,Mizoram,22.202,92.2217,2015-02-08,24.2,52.1,143.7,77.7,37.0,952.2,0.61,2,1,real_event,calibrated_climatological
Agartala,Tripura,24.3311,91.5642,2015-02-09,8.1,36.2,95.0,79.8,13.0,20.0,0.36,1,1,real_event,calibrated_climatological
Guwahati,Assam,26.1468,91.6469,2015-02-14,33.1,92.3,161.9,71.9,10.2,51.9,0.55,1,1,real_event,calibrated_climatological
Hailakandi,Assam,24.6108,92.562,2015-02-19,33.7,79.9,170.2,81.2,15.7,45.9,0.38,1,1,real_event,calibrated_climatological
Cherrapunji,Meghalaya,25.1472,91.7483,2015-02-22,39.1,88.9,156.5,74.5,36.4,1307.5,0.3,3,1,real_event,calibrated_climatological
Dibrugarh,Assam,27.4074,94.7134,2015-03-03,2.5,19.6,62.3,58.2,8.1,116.2,0.5,1,0,real_negative_sample,calibrated_climatological
Itanagar,Arunachal Pradesh,28.3555,92.7425,2015-03-07,36.4,86.7,173.5,68.3,37.0,456.0,0.42,2,0,real_negative_sample,calibrated_climatological
Kamjong,Manipur,25.6183,96.2964,2015-03-08,22.4,51.8,118.9,84.0,32.0,1338.6,0.48,2,1,real_event,calibrated_climatological
Karimganj,Assam,25.0318,92.4584,2015-03-19,5.0,38.5,76.3,66.1,13.0,20.0,0.44,1,1,real_event,calibrated_climatological
Upper Siang,Arunachal Pradesh,27.9513,94.8864,2015-03-20,34.7,73.6,146.4,65.8,46.0,1599.8,0.48,2,0,real_negative_sample,calibrated_climatological
Longding,Arunachal Pradesh,26.941,95.7182,2015-03-22,38.5,94.9,144.6,60.7,33.8,900.6,0.62,2,0,real_negative_sample,calibrated_climatological
Kamjong,Manipur,25.6115,96.2907,2015-03-30,7.4,44.8,113.0,80.0,26.8,1203.2,0.62,2,1,real_event,calibrated_climatological
Champhai,Mizoram,22.4567,95.2138,2015-04-03,19.9,56.6,129.1,62.5,29.5,1116.2,0.49,2,0,real_negative_sample,calibrated_climatological
West Garo Hills,Meghalaya,24.5582,88.1825,2015-04-19,24.5,85.2,164.8,73.4,42.1,254.9,0.47,3,1,real_event,calibrated_climatological
West Garo Hills,Meghalaya,24.9783,89.5779,2015-05-03,75.3,154.5,216.0,73.1,45.9,315.4,0.43,3,0,real_negative_sample,calibrated_climatological
Guwahati,Assam,25.9693,91.3676,2015-05-03,21.7,55.3,95.1,72.1,5.0,97.8,0.38,1,0,real_negative_sample,calibrated_climatological
Goalpara,Assam,27.3356,89.1366,2015-05-08,21.3,63.2,128.3,81.4,9.2,20.0,0.58,1,0,real_negative_sample,calibrated_climatological
Kamjong,Manipur,23.0348,97.1617,2015-05-11,34.2,76.3,156.1,61.7,28.7,1149.0,0.46,2,0,real_negative_sample,calibrated_climatological
Dibrugarh,Assam,27.6005,94.9936,2015-05-19,20.1,65.4,109.5,73.4,9.1,177.0,0.5,1,0,real_negative_sample,calibrated_climatological
Goalpara,Assam,27.6163,88.6586,2015-05-24,73.6,186.2,346.5,70.1,11.9,20.0,0.5,1,1,real_event,calibrated_climatological
Saiha,Mizoram,22.0104,91.9538,2015-06-01,94.0,200.5,372.1,71.8,29.4,940.4,0.38,2,1,real_event,calibrated_climatological
Jorhat,Assam,26.6064,93.9948,2015-06-01,74.5,151.9,281.8,75.9,5.8,108.3,0.43,1,0,real_negative_sample,calibrated_climatological
Itanagar,Arunachal Pradesh,27.0987,93.816,2015-06-09,173.8,430.5,733.5,83.5,32.4,357.7,0.45,2,1,real_event,calibrated_climatological
Diphu,Assam,25.4909,93.3534,2015-06-09,88.7,207.7,281.1,73.2,7.3,355.9,0.32,1,0,real_negative_sample,calibrated_climatological
Lakhimpur,Assam,27.2767,94.4552,2015-06-10,74.5,182.1,354.0,69.0,7.7,197.5,0.48,1,0,real_negative_sample,calibrated_climatological
Dawki,Meghalaya,24.9016,91.8771,2015-06-11,77.7,164.9,286.7,58.2,47.3,371.7,0.42,3,1,real_event,calibrated_climatological
Champhai,Mizoram,23.5488,94.3738,2015-06-11,96.2,189.9,334.0,66.2,20.9,1095.2,0.65,2,0,real_negative_sample,calibrated_climatological
Goalpara,Assam,27.0165,88.2476,2015-06-13,125.2,259.8,441.3,52.0,8.0,103.9,0.48,1,1,real_event,calibrated_climatological
East Jaintia Hills,Meghalaya,25.463,92.2121,2015-06-13,123.3,247.2,435.3,77.2,38.7,763.8,0.56,3,1,real_event,calibrated_climatological
Lunglei,Mizoram,22.5015,91.615,2015-06-14,106.9,242.9,401.9,70.2,37.6,984.9,0.52,2,0,real_negative_sample,calibrated_climatological
Tura,Meghalaya,25.5114,90.215,2015-06-16,63.0,135.7,250.9,61.2,38.7,411.1,0.42,3,1,real_event,calibrated_climatological
Tura,Meghalaya,25.5084,90.2191,2015-06-16,56.2,146.9,314.9,75.2,43.9,413.1,0.59,3,1,real_event,calibrated_climatological
Nongstoin,Meghalaya,25.5846,90.8039,2015-06-16,30.7,61.1,113.0,62.0,43.6,1347.4,0.44,3,0,real_negative_sample,calibrated_climatological
Goalpara,Assam,27.0257,88.4301,2015-06-17,131.4,321.9,590.0,73.5,9.0,33.2,0.54,1,1,real_event,calibrated_climatological
Goalpara,Assam,27.0087,88.443,2015-06-17,80.9,177.8,300.3,77.9,10.6,56.3,0.58,1,1,real_event,calibrated_climatological
Goalpara,Assam,26.9974,88.4314,2015-06-17,108.6,199.3,319.4,63.7,16.2,20.0,0.61,1,1,real_event,calibrated_climatological
Aizawl,Mizoram,23.7131,92.7362,2015-06-19,118.0,264.2,483.7,86.6,31.7,1268.1,0.56,2,1,real_event,calibrated_climatological
Tamenglong,Manipur,25.16,93.686,2015-06-19,39.6,97.6,190.9,77.8,42.0,1298.9,0.46,2,1,real_event,calibrated_climatological
Upper Siang,Arunachal Pradesh,29.2514,94.748,2015-06-23,76.3,183.3,271.6,53.4,42.0,1724.3,0.48,2,0,real_negative_sample,calibrated_climatological
Mokokchung,Nagaland,26.0319,94.5466,2015-06-24,60.0,132.4,212.9,83.8,25.8,1275.0,0.47,3,1,real_event,calibrated_climatological
Kohima,Nagaland,25.9807,94.1436,2015-06-25,68.0,158.6,320.3,70.7,34.7,1433.4,0.42,3,0,real_negative_sample,calibrated_climatological
East Jaintia Hills,Meghalaya,25.2204,92.4452,2015-06-25,39.3,86.9,162.4,72.5,48.0,788.9,0.66,3,0,real_negative_sample,calibrated_climatological
Saiha,Mizoram,22.2144,92.235,2015-06-26,141.9,358.8,531.2,61.4,38.8,856.4,0.48,2,1,real_event,calibrated_climatological
Goalpara,Assam,27.0076,88.251,2015-06-27,76.9,169.9,262.7,50.7,12.2,34.2,0.44,1,1,real_event,calibrated_climatological
Goalpara,Assam,27.0161,88.2478,2015-06-29,106.7,239.9,367.9,63.4,8.0,20.0,0.41,1,1,real_event,calibrated_climatological
West Garo Hills,Meghalaya,26.8843,88.1835,2015-06-30,166.2,380.7,636.4,65.5,34.7,321.0,0.56,3,1,real_event,calibrated_climatological
Goalpara,Assam,27.0875,88.6556,2015-06-30,82.5,198.4,304.8,59.0,10.4,82.0,0.39,1,1,real_event,calibrated_climatological
West Garo Hills,Meghalaya,25.4243,88.2746,2015-06-30,122.9,314.2,519.5,75.6,44.5,353.3,0.68,3,1,real_event,calibrated_climatological
West Garo Hills,Meghalaya,26.8366,88.0839,2015-07-01,146.1,287.5,530.3,65.3,35.7,246.1,0.64,3,1,real_event,calibrated_climatological
Churachandpur,Manipur,24.0412,94.2607,2015-07-01,62.6,119.9,234.7,78.6,40.7,939.8,0.5,2,0,real_negative_sample,calibrated_climatological
West Garo Hills,Meghalaya,26.8811,88.2779,2015-07-01,198.1,439.4,700.9,73.9,48.4,226.6,0.6,3,1,real_event,calibrated_climatological
West Garo Hills,Meghalaya,26.8781,88.2807,2015-07-01,86.6,203.6,375.2,63.6,41.4,236.3,0.43,3,1,real_event,calibrated_climatological
West Garo Hills,Meghalaya,26.8352,88.1881,2015-07-01,136.0,244.2,436.0,84.8,31.4,311.8,0.54,3,1,real_event,calibrated_climatological
West Garo Hills,Meghalaya,26.9978,88.167,2015-07-01,165.4,392.2,656.1,84.2,36.4,300.1,0.55,3,1,real_event,calibrated_climatological
Goalpara,Assam,27.0678,88.456,2015-07-01,12.0,37.1,93.8,76.7,23.8,20.0,0.58,1,1,real_event,calibrated_climatological
Goalpara,Assam,27.2204,89.6288,2015-07-02,101.1,181.0,260.7,70.2,10.0,37.8,0.49,1,0,real_negative_sample,calibrated_climatological
Agartala,Tripura,23.268,90.8897,2015-07-03,17.0,58.1,113.0,62.0,5.0,39.0,0.55,1,0,real_negative_sample,calibrated_climatological
Goalpara,Assam,26.9282,88.4553,2015-07-04,169.3,312.9,605.8,79.9,8.0,119.5,0.4,1,1,real_event,calibrated_climatological
Phek,Nagaland,25.9287,94.4443,2015-07-04,16.1,34.8,95.0,71.8,29.5,1534.2,0.42,3,0,real_negative_sample,calibrated_climatological
Agartala,Tripura,22.4534,90.5956,2015-07-04,51.8,104.8,213.3,56.8,7.6,175.5,0.47,1,0,real_negative_sample,calibrated_climatological
Goalpara,Assam,28.249,89.9666,2015-07-05,45.3,113.2,208.0,60.6,10.1,53.1,0.48,1,0,real_negative_sample,calibrated_climatological
Goalpara,Assam,27.0816,88.4397,2015-07-07,131.0,300.1,445.7,77.0,8.0,20.0,0.45,1,1,real_event,calibrated_climatological
West Garo Hills,Meghalaya,26.8826,88.2806,2015-07-07,32.4,78.0,152.1,76.3,25.3,267.9,0.6,3,1,real_event,calibrated_climatological
Upper Siang,Arunachal Pradesh,28.2252,94.8337,2015-07-10,69.5,153.2,312.0,70.6,27.3,1758.6,0.48,2,0,real_negative_sample,calibrated_climatological
Goalpara,Assam,28.2507,89.5119,2015-07-12,125.6,287.5,427.8,80.4,5.0,147.0,0.75,1,0,real_negative_sample,calibrated_climatological
Itanagar,Arunachal Pradesh,27.36,93.0385,2015-07-15,99.2,179.6,366.3,73.8,37.4,334.4,0.56,2,1,real_event,calibrated_climatological
Mokokchung,Nagaland,26.4695,95.3089,2015-07-17,78.2,177.0,354.6,73.7,37.4,1208.0,0.5,3,0,real_negative_sample,calibrated_climatological
Agartala,Tripura,22.4625,91.2104,2015-07-18,25.2,62.7,115.2,62.3,8.9,46.5,0.47,1,0,real_negative_sample,calibrated_climatological
Champhai,Mizoram,23.4661,93.2729,2015-07-19,8.0,44.7,106.9,57.5,25.5,1007.9,0.58,2,0,real_negative_sample,calibrated_climatological
Lunglei,Mizoram,22.3507,91.8147,2015-07-19,63.4,161.6,302.6,59.0,38.0,986.9,0.54,2,1,real_event,calibrated_climatological
Lunglei,Mizoram,22.3913,91.8177,2015-07-19,74.2,157.4,281.4,65.7,42.1,964.1,0.41,2,1,real_event,calibrated_climatological
Thoubal,Manipur,23.4828,95.4548,2015-07-20,41.3,105.5,187.5,62.0,14.7,726.2,0.47,1,0,real_negative_sample,calibrated_climatological
Mokokchung,Nagaland,26.6738,95.1444,2015-07-21,77.7,157.1,263.0,78.3,35.4,1397.9,0.34,3,0,real_negative_sample,calibrated_climatological
Kohima,Nagaland,25.5007,93.9854,2015-07-22,110.7,211.6,404.4,72.9,28.9,1511.3,0.53,3,1,real_event,calibrated_climatological
Senapati,Manipur,25.5098,93.8794,2015-07-22,162.6,388.0,714.1,84.9,46.2,1585.6,0.51,2,1,real_event,calibrated_climatological
Senapati,Manipur,25.3908,94.0926,2015-07-22,85.2,224.2,452.0,70.7,33.0,1620.4,0.55,2,1,real_event,calibrated_climatological
Senapati,Manipur,25.4538,93.9827,2015-07-22,102.6,200.9,373.0,67.4,38.3,1607.4,0.48,2,1,real_event,calibrated_climatological
Jiribam,Manipur,24.7979,92.9974,2015-07-22,156.0,347.6,505.7,74.9,26.1,941.4,0.41,2,1,real_event,calibrated_climatological
Senapati,Manipur,25.4477,94.0489,2015-07-22,103.0,204.3,307.2,83.7,26.0,1630.1,0.53,2,1,real_event,calibrated_climatological
Anjaw,Arunachal Pradesh,27.0965,96.7725,2015-07-23,49.6,131.1,219.4,66.9,40.3,2060.7,0.42,2,0,real_negative_sample,calibrated_climatological
Agartala,Tripura,23.2985,89.9066,2015-07-24,25.2,82.8,173.8,52.4,14.1,20.0,0.54,1,0,real_negative_sample,calibrated_climatological
Tamenglong,Manipur,24.9818,93.5142,2015-07-24,45.6,117.1,219.7,85.0,33.2,1164.0,0.5,2,1,real_event,calibrated_climatological
Guwahati,Assam,26.1062,91.8717,2015-07-25,27.1,74.7,152.8,66.3,15.7,113.9,0.38,1,1,real_event,calibrated_climatological
Lunglei,Mizoram,22.4254,91.8022,2015-07-26,89.9,202.2,392.4,83.2,33.7,986.9,0.43,2,1,real_event,calibrated_climatological
Tinsukia,Assam,27.6723,95.1376,2015-07-27,47.0,120.1,227.5,77.8,21.0,162.1,0.5,1,0,real_negative_sample,calibrated_climatological
Lunglei,Mizoram,22.3513,91.8295,2015-07-27,187.7,431.6,859.7,71.4,35.3,978.0,0.45,2,1,real_event,calibrated_climatological
Ukhrul,Manipur,25.0634,94.3415,2015-07-31,148.3,307.2,555.7,86.3,39.7,1620.8,0.49,3,1,real_event,calibrated_climatological
Ukhrul,Manipur,24.819,94.3551,2015-07-31,76.3,159.6,262.6,81.9,38.4,1879.6,0.71,3,1,real_event,calibrated_climatological
Thoubal,Manipur,24.4265,94.1913,2015-08-01,124.6,216.9,378.1,67.1,12.3,848.0,0.49,1,1,real_event,calibrated_climatological
Churachandpur,Manipur,23.7736,94.1201,2015-08-01,81.2,180.3,292.7,82.0,32.0,1027.9,0.53,2,1,real_event,calibrated_climatological
Churachandpur,Manipur,24.1077,94.0396,2015-08-01,62.7,117.2,243.0,57.6,37.3,967.1,0.33,2,1,real_event,calibrated_climatological
Churachandpur,Manipur,23.899,94.1434,2015-08-01,63.1,133.4,257.6,74.1,29.0,857.9,0.51,2,1,real_event,calibrated_climatological
Thoubal,Manipur,24.3481,94.1146,2015-08-01,123.8,234.1,382.4,69.0,8.0,748.6,0.54,1,1,real_event,calibrated_climatological
Thoubal,Manipur,24.416,94.0984,2015-08-01,140.0,315.2,454.9,94.5,15.2,802.3,0.46,1,1,real_event,calibrated_climatological
Churachandpur,Manipur,24.1419,94.1078,2015-08-01,107.7,215.7,416.0,77.8,31.8,792.9,0.66,2,1,real_event,calibrated_climatological
Thoubal,Manipur,24.4072,94.0644,2015-08-01,114.2,223.3,422.0,73.0,8.0,769.5,0.64,1,1,real_event,calibrated_climatological
Ukhrul,Manipur,25.1122,94.3591,2015-08-01,72.6,139.3,306.8,58.8,39.5,1862.2,0.51,3,1,real_event,calibrated_climatological
Ukhrul,Manipur,24.954,94.2156,2015-08-01,12.0,51.1,144.7,54.7,39.1,1902.1,0.47,3,1,real_event,calibrated_climatological
Ukhrul,Manipur,25.1941,94.4481,2015-08-01,142.6,362.6,533.2,68.6,35.2,1925.3,0.52,3,1,real_event,calibrated_climatological
Churachandpur,Manipur,24.004,93.9815,2015-08-01,91.7,201.9,380.3,77.0,33.6,927.6,0.48,2,1,real_event,calibrated_climatological
Churachandpur,Manipur,23.9939,94.0573,2015-08-01,90.6,213.3,433.5,67.7,31.4,877.3,0.33,2,1,real_event,calibrated_climatological
Churachandpur,Manipur,24.1988,94.1016,2015-08-01,141.8,251.6,387.9,67.2,32.0,910.3,0.39,2,1,real_event,calibrated_climatological
Kamjong,Manipur,24.9111,94.4759,2015-08-01,83.1,204.3,336.0,81.1,36.4,1268.2,0.34,2,1,real_event,calibrated_climatological
Churachandpur,Manipur,23.9278,94.0906,2015-08-01,115.9,217.5,312.8,61.3,29.6,934.0,0.58,2,1,real_event,calibrated_climatological
Phek,Nagaland,25.72,94.6219,2015-08-02,166.0,352.6,596.5,79.4,32.9,1627.3,0.48,3,1,real_event,calibrated_climatological
Champhai,Mizoram,22.8408,94.5426,2015-08-03,48.2,97.4,189.0,70.8,25.1,990.0,0.59,2,0,real_negative_sample,calibrated_climatological
Agartala,Tripura,23.5646,91.2946,2015-08-08,36.5,105.1,200.3,77.3,10.0,20.0,0.43,1,0,real_negative_sample,calibrated_climatological
Champhai,Mizoram,23.6337,94.1588,2015-08-09,56.2,144.2,267.8,65.5,19.1,1031.6,0.36,2,0,real_negative_sample,calibrated_climatological
Bishnupur,Manipur,24.7016,93.5291,2015-08-11,130.7,239.5,463.5,72.9,14.1,785.8,0.5,1,1,real_event,calibrated_climatological
Tamenglong,Manipur,25.1019,93.3729,2015-08-11,112.3,236.1,440.1,63.0,48.3,1428.8,0.42,2,1,real_event,calibrated_climatological
Upper Siang,Arunachal Pradesh,28.4262,93.7164,2015-08-11,69.5,158.9,312.9,78.0,40.2,1635.8,0.47,2,0,real_negative_sample,calibrated_climatological
Tamenglong,Manipur,24.7459,93.4251,2015-08-11,146.5,275.5,523.9,69.8,34.4,1324.5,0.49,2,1,real_event,calibrated_climatological
Itanagar,Arunachal Pradesh,26.59,93.3356,2015-08-12,35.6,84.6,164.5,63.3,38.9,341.4,0.36,2,0,real_negative_sample,calibrated_climatological
Kohima,Nagaland,25.6237,94.1136,2015-08-12,95.6,248.9,433.6,72.8,38.7,1461.5,0.5,3,1,real_event,calibrated_climatological
Goalpara,Assam,27.4373,90.4678,2015-08-14,76.1,171.1,325.5,76.9,14.2,20.0,0.43,1,1,real_event,calibrated_climatological
Anjaw,Arunachal Pradesh,27.8835,96.9262,2015-08-16,171.7,380.4,757.8,53.6,40.2,2161.2,0.74,2,1,real_event,calibrated_climatological
Lunglei,Mizoram,22.9195,92.6284,2015-08-17,65.2,146.4,243.3,65.4,43.7,931.0,0.4,2,0,real_negative_sample,calibrated_climatological
Tura,Meghalaya,25.5145,90.2023,2015-08-18,129.8,305.9,603.9,73.7,39.6,385.9,0.45,3,1,real_event,calibrated_climatological
Upper Siang,Arunachal Pradesh,28.1737,94.7596,2015-08-18,111.6,217.0,354.2,80.6,43.6,1697.4,0.37,2,1,real_event,calibrated_climatological
Tura,Meghalaya,25.2193,90.5549,2015-08-19,137.3,346.1,508.8,72.2,37.0,258.6,0.37,3,1,real_event,calibrated_climatological
Kohima,Nagaland,25.6278,94.1051,2015-08-19,42.0,115.0,221.2,95.0,37.9,1427.5,0.52,3,1,real_event,calibrated_climatological
East Jaintia Hills,Meghalaya,25.1416,92.3807,2015-08-19,73.0,184.4,289.4,72.5,45.9,713.9,0.48,3,1,real_event,calibrated_climatological
Lakhimpur,Assam,27.0667,94.3951,2015-08-19,76.3,136.0,254.1,71.0,5.0,69.4,0.5,1,0,real_negative_sample,calibrated_climatological
East Jaintia Hills,Meghalaya,25.2568,92.3825,2015-08-19,122.5,220.6,360.1,67.7,46.2,734.7,0.63,3,1,real_event,calibrated_climatological
Karimganj,Assam,25.0728,92.3636,2015-08-19,121.6,243.2,386.7,73.3,13.4,34.9,0.52,1,1,real_event,calibrated_climatological
Mokokchung,Nagaland,26.0214,94.5224,2015-08-19,77.6,198.5,288.8,65.4,25.6,1322.8,0.51,3,1,real_event,calibrated_climatological
Kohima,Nagaland,25.6263,94.1057,2015-08-20,118.9,287.2,447.5,86.9,32.8,1476.2,0.5,3,1,real_event,calibrated_climatological
Saiha,Mizoram,22.2092,92.1868,2015-08-20,90.1,193.7,355.5,65.1,23.7,1035.3,0.5,2,1,real_event,calibrated_climatological
Saiha,Mizoram,22.1909,92.2135,2015-08-21,140.2,279.1,509.2,61.8,32.5,910.3,0.42,2,1,real_event,calibrated_climatological
Goalpara,Assam,27.9695,90.5953,2015-08-22,48.7,122.4,214.8,48.9,11.3,20.0,0.58,1,0,real_negative_sample,calibrated_climatological
Guwahati,Assam,26.1028,91.8806,2015-08-22,128.3,274.9,414.4,69.3,11.6,68.5,0.44,1,1,real_event,calibrated_climatological
Lakhimpur,Assam,28.0117,94.1172,2015-08-24,41.7,90.9,147.2,60.9,6.5,79.4,0.58,1,0,real_negative_sample,calibrated_climatological
Kamjong,Manipur,24.6973,95.6537,2015-08-25,32.1,72.1,128.9,68.3,26.2,1356.8,0.46,2,0,real_negative_sample,calibrated_climatological
Aizawl,Mizoram,23.8447,93.0514,2015-08-26,149.5,331.8,631.0,65.8,33.8,1136.8,0.47,2,1,real_event,calibrated_climatological
Serchhip,Mizoram,23.3572,92.7878,2015-08-26,86.0,204.4,405.0,61.3,20.8,1004.9,0.43,2,1,real_event,calibrated_climatological
Aizawl,Mizoram,23.7269,92.7265,2015-08-27,100.4,200.2,363.8,87.2,37.3,1034.4,0.42,2,1,real_event,calibrated_climatological
Kamjong,Manipur,25.0778,94.5067,2015-08-27,48.7,109.1,205.6,67.2,27.5,1057.5,0.49,2,0,real_negative_sample,calibrated_climatological
Kolasib,Mizoram,24.042,92.6724,2015-08-27,64.8,125.0,207.6,75.4,29.7,545.1,0.56,2,1,real_event,calibrated_climatological
Aizawl,Mizoram,23.6866,93.017,2015-08-27,143.0,338.7,552.2,64.4,37.4,1166.9,0.56,2,1,real_event,calibrated_climatological
Serchhip,Mizoram,23.4495,92.8112,2015-08-28,104.1,232.7,417.5,58.3,25.5,984.5,0.44,2,1,real_event,calibrated_climatological
Guwahati,Assam,26.1868,91.6739,2015-09-01,64.0,140.2,293.3,71.4,8.4,180.1,0.42,1,1,real_event,calibrated_climatological
Guwahati,Assam,26.4935,91.7214,2015-09-01,9.9,29.7,68.6,79.5,8.0,142.2,0.36,1,1,real_event,calibrated_climatological
Longding,Arunachal Pradesh,26.2753,96.2229,2015-09-05,18.1,63.6,149.0,82.1,35.7,954.2,0.67,2,0,real_negative_sample,calibrated_climatological
Nongpoh,Meghalaya,26.048,91.8695,2015-09-05,80.7,159.3,342.4,74.8,35.7,921.0,0.51,3,1,real_event,calibrated_climatological
Nongpoh,Meghalaya,25.9703,91.8584,2015-09-06,79.7,161.2,311.3,74.6,31.4,940.4,0.53,3,1,real_event,calibrated_climatological
Guwahati,Assam,26.3149,91.7533,2015-09-08,19.1,63.5,130.0,69.0,20.4,103.7,0.57,1,0,real_negative_sample,calibrated_climatological
Ukhrul,Manipur,25.1759,94.3719,2015-09-10,46.6,123.8,203.6,59.5,27.5,1812.0,0.64,3,0,real_negative_sample,calibrated_climatological
Goalpara,Assam,27.4687,89.2436,2015-09-12,77.8,134.7,233.7,44.9,10.5,20.0,0.56,1,0,real_negative_sample,calibrated_climatological
Aizawl,Mizoram,23.7348,92.7187,2015-09-14,119.5,262.5,442.1,80.1,29.6,1205.0,0.43,2,1,real_event,calibrated_climatological
Aizawl,Mizoram,23.7313,92.7187,2015-09-14,69.1,156.7,275.3,76.3,33.6,1140.2,0.63,2,1,real_event,calibrated_climatological
Nagaon,Assam,27.1721,92.2157,2015-09-20,8.1,43.6,99.9,68.6,6.4,89.7,0.6,1,0,real_negative_sample,calibrated_climatological
Lunglei,Mizoram,22.3496,91.8138,2015-09-21,86.9,174.5,348.5,81.2,46.6,870.6,0.5,2,1,real_event,calibrated_climatological
West Garo Hills,Meghalaya,25.3421,88.5238,2015-09-22,26.3,71.3,127.8,61.4,41.7,341.5,0.53,3,0,real_negative_sample,calibrated_climatological
Guwahati,Assam,26.1666,91.7042,2015-09-23,29.6,97.9,206.2,69.0,10.1,35.1,0.54,1,1,real_event,calibrated_climatological
Shillong,Meghalaya,25.583,91.893,2015-09-23,52.6,130.6,275.4,66.9,17.8,1613.2,0.48,3,1,real_event,calibrated_climatological
Kamjong,Manipur,25.1493,95.0845,2015-09-24,43.0,103.1,201.8,71.5,27.7,1141.6,0.57,2,0,real_negative_sample,calibrated_climatological
Champhai,Mizoram,23.0546,94.8008,2015-09-26,41.5,96.6,189.3,68.3,26.9,1009.6,0.6,2,0,real_negative_sample,calibrated_climatological
Lunglei,Mizoram,22.3605,91.8236,2015-09-27,79.4,174.7,289.3,76.5,35.2,878.6,0.53,2,1,real_event,calibrated_climatological
Agartala,Tripura,24.0529,90.9288,2015-09-28,71.9,147.3,236.7,69.7,11.7,20.0,0.57,1,0,real_negative_sample,calibrated_climatological
Champhai,Mizoram,22.1334,96.4669,2015-10-13,21.7,59.8,153.0,73.4,24.5,1053.5,0.73,2,1,real_event,calibrated_climatological
Itanagar,Arunachal Pradesh,28.1472,91.8468,2015-10-14,83.1,140.8,220.0,68.6,30.2,458.8,0.49,2,0,real_negative_sample,calibrated_climatological
Anjaw,Arunachal Pradesh,29.0612,96.8186,2015-10-24,5.0,18.9,73.1,69.3,39.5,2165.1,0.46,2,0,real_negative_sample,calibrated_climatological
West Garo Hills,Meghalaya,24.8797,88.2052,2015-10-26,5.3,29.5,77.4,61.2,29.2,306.5,0.56,3,0,real_negative_sample,calibrated_climatological
Cherrapunji,Meghalaya,25.0821,91.7783,2015-11-16,32.4,68.8,136.1,79.7,28.8,1238.7,0.64,3,1,real_event,calibrated_climatological
Saiha,Mizoram,22.1306,95.5488,2015-12-17,34.4,98.2,186.9,87.1,26.3,829.3,0.49,2,1,real_event,calibrated_climatological
Anjaw,Arunachal Pradesh,26.0746,97.3668,2015-12-25,64.8,133.6,239.5,63.4,37.2,2099.9,0.45,2,1,real_event,calibrated_climatological
Goalpara,Assam,27.1758,88.5294,2016-01-14,44.7,98.4,226.5,70.7,8.0,39.3,0.48,1,1,real_event,calibrated_climatological
Kamjong,Manipur,25.6226,96.2946,2016-01-25,5.0,37.2,103.1,65.5,37.2,1188.5,0.59,2,1,real_event,calibrated_climatological
Dawki,Meghalaya,24.9007,91.8644,2016-02-16,16.5,67.2,165.5,75.8,36.9,342.7,0.42,3,1,real_event,calibrated_climatological
Agartala,Tripura,23.9899,90.3986,2016-02-19,3.6,24.8,57.1,82.1,16.7,41.8,0.55,1,0,real_negative_sample,calibrated_climatological
Dawki,Meghalaya,25.1622,92.0104,2016-02-25,30.8,93.4,192.1,58.8,45.3,309.6,0.37,3,1,real_event,calibrated_climatological
Kolasib,Mizoram,24.2831,93.0069,2016-03-16,33.0,74.5,133.4,65.2,25.9,528.4,0.53,2,0,real_negative_sample,calibrated_climatological
Kamjong,Manipur,25.6219,96.2887,2016-04-02,8.7,31.1,105.7,90.2,46.2,1029.9,0.45,2,1,real_event,calibrated_climatological
Mokokchung,Nagaland,26.7223,95.0243,2016-04-19,40.6,103.2,199.0,80.2,27.9,1211.4,0.6,3,1,real_event,calibrated_climatological
Guwahati,Assam,27.5523,91.752,2016-04-22,21.6,74.9,172.7,75.4,10.6,46.1,0.4,1,1,real_event,calibrated_climatological
Nagaon,Assam,27.5799,91.8569,2016-04-22,69.1,150.5,241.7,76.7,8.5,161.3,0.32,1,1,real_event,calibrated_climatological
Anjaw,Arunachal Pradesh,28.0822,96.5316,2016-05-01,52.6,136.8,281.1,75.0,33.6,2128.0,0.37,2,1,real_event,calibrated_climatological
Agartala,Tripura,23.5769,89.905,2016-05-09,36.8,89.4,185.7,66.6,17.9,20.0,0.56,1,0,real_negative_sample,calibrated_climatological
Champhai,Mizoram,23.5679,93.9999,2016-05-14,66.7,157.5,305.0,62.0,43.6,1148.5,0.55,2,0,real_negative_sample,calibrated_climatological
Hailakandi,Assam,24.5204,92.7264,2016-05-18,110.3,227.9,403.1,57.2,14.0,44.6,0.56,1,1,real_event,calibrated_climatological
Hailakandi,Assam,24.4638,92.4943,2016-05-18,54.3,101.5,193.2,67.1,8.0,40.5,0.54,1,1,real_event,calibrated_climatological
Hailakandi,Assam,24.5202,92.7239,2016-05-18,56.6,123.1,218.6,62.8,19.6,29.2,0.45,1,1,real_event,calibrated_climatological
Hailakandi,Assam,24.5308,92.5121,2016-05-18,71.9,156.8,262.9,70.3,10.6,114.2,0.47,1,1,real_event,calibrated_climatological
Lunglei,Mizoram,22.6239,91.6743,2016-05-21,101.5,207.2,342.2,74.0,42.6,970.6,0.35,2,1,real_event,calibrated_climatological
Kamjong,Manipur,25.6127,96.2961,2016-05-23,100.8,229.1,385.6,77.9,43.0,1145.0,0.51,2,1,real_event,calibrated_climatological
Agartala,Tripura,23.8953,90.9764,2016-05-28,50.0,117.7,220.0,68.3,6.5,48.2,0.46,1,0,real_negative_sample,calibrated_climatological
West Garo Hills,Meghalaya,25.1903,88.3836,2016-06-01,59.2,125.6,229.6,62.1,41.5,375.6,0.46,3,0,real_negative_sample,calibrated_climatological
Tura,Meghalaya,24.5629,90.2143,2016-06-03,37.5,99.3,176.2,48.7,33.1,279.9,0.46,3,0,real_negative_sample,calibrated_climatological
Goalpara,Assam,28.5394,91.1713,2016-06-03,58.7,134.0,201.2,70.5,8.1,148.1,0.53,1,0,real_negative_sample,calibrated_climatological
East Jaintia Hills,Meghalaya,25.1624,92.3719,2016-06-08,33.8,69.8,161.7,71.7,46.8,854.4,0.41,3,0,real_negative_sample,calibrated_climatological
Lakhimpur,Assam,27.6438,93.871,2016-06-12,51.7,141.3,267.8,59.5,8.0,20.0,0.39,1,1,real_event,calibrated_climatological
Mokokchung,Nagaland,26.1677,94.2442,2016-06-12,81.2,175.9,341.1,68.1,26.6,1357.4,0.42,3,1,real_event,calibrated_climatological
Kamjong,Manipur,24.3745,95.4003,2016-06-12,78.8,141.0,239.6,78.3,41.4,1045.6,0.63,2,0,real_negative_sample,calibrated_climatological
Mokokchung,Nagaland,26.3185,94.5247,2016-06-14,122.0,307.4,479.3,75.1,37.5,1193.7,0.62,3,1,real_event,calibrated_climatological
Aizawl,Mizoram,23.8491,92.6396,2016-06-17,36.7,94.1,155.7,68.3,44.1,1216.2,0.58,2,0,real_negative_sample,calibrated_climatological
Nagaon,Assam,27.4317,92.2783,2016-06-19,30.7,65.7,144.6,50.2,5.7,20.0,0.49,1,0,real_negative_sample,calibrated_climatological
Goalpara,Assam,28.9043,89.5263,2016-06-19,116.8,256.1,401.0,67.3,18.9,20.0,0.62,1,0,real_negative_sample,calibrated_climatological
Goalpara,Assam,27.5352,90.4368,2016-06-22,44.4,126.3,228.6,69.2,5.4,20.0,0.51,1,0,real_negative_sample,calibrated_climatological
Guwahati,Assam,26.1961,91.7825,2016-06-22,77.0,187.0,347.3,71.0,8.0,20.0,0.53,1,1,real_event,calibrated_climatological
Kamjong,Manipur,23.8773,95.4696,2016-06-23,87.6,173.1,301.5,57.4,28.5,1321.9,0.5,2,0,real_negative_sample,calibrated_climatological
Champhai,Mizoram,22.7937,94.6343,2016-06-25,55.2,112.8,168.3,59.3,25.6,945.4,0.73,2,0,real_negative_sample,calibrated_climatological
Kamjong,Manipur,23.1393,95.9552,2016-06-26,85.6,149.3,235.6,66.1,33.7,1189.0,0.5,2,0,real_negative_sample,calibrated_climatological
Saiha,Mizoram,22.8038,93.3311,2016-06-26,84.9,210.2,403.2,70.5,29.4,898.5,0.49,2,0,real_negative_sample,calibrated_climatological
Nagaon,Assam,27.0136,92.6351,2016-07-01,33.9,77.3,146.3,74.2,8.0,75.1,0.6,1,1,real_event,calibrated_climatological
Goalpara,Assam,28.1751,89.7353,2016-07-04,76.8,166.8,282.7,64.5,16.7,56.2,0.63,1,0,real_negative_sample,calibrated_climatological
Agartala,Tripura,24.4836,90.7679,2016-07-04,33.2,75.1,159.0,66.5,5.6,37.7,0.59,1,0,real_negative_sample,calibrated_climatological
Guwahati,Assam,25.9611,91.3681,2016-07-07,135.5,311.4,505.7,71.5,8.0,169.4,0.42,1,1,real_event,calibrated_climatological
Ukhrul,Manipur,25.0118,94.3136,2016-07-07,70.6,173.6,281.8,64.0,37.0,1829.6,0.47,3,1,real_event,calibrated_climatological
Kohima,Nagaland,25.7902,94.1318,2016-07-10,126.5,278.7,524.9,63.5,40.1,1482.3,0.49,3,1,real_event,calibrated_climatological
Mokokchung,Nagaland,26.1699,94.4922,2016-07-11,112.7,224.4,360.8,95.0,31.5,1428.2,0.47,3,1,real_event,calibrated_climatological
Phek,Nagaland,25.9142,95.5742,2016-07-12,84.8,176.8,323.4,65.5,30.8,1401.9,0.49,3,0,real_negative_sample,calibrated_climatological
Kamjong,Manipur,25.6566,96.3495,2016-07-12,65.5,154.8,270.2,72.0,30.8,1159.6,0.53,2,1,real_event,calibrated_climatological
Guwahati,Assam,26.1768,91.7702,2016-07-14,89.2,223.9,439.8,58.6,8.0,97.2,0.66,1,1,real_event,calibrated_climatological
Guwahati,Assam,26.1963,91.8074,2016-07-14,157.7,280.9,552.5,69.8,8.7,72.0,0.52,1,1,real_event,calibrated_climatological
Kamjong,Manipur,23.9331,95.6301,2016-07-15,104.6,235.8,327.6,69.1,37.4,1218.0,0.52,2,0,real_negative_sample,calibrated_climatological
Lakhimpur,Assam,27.3034,93.804,2016-07-16,135.6,282.9,480.3,67.0,8.0,109.0,0.54,1,1,real_event,calibrated_climatological
Agartala,Tripura,23.2322,90.8711,2016-07-16,22.7,67.3,138.0,62.1,12.4,20.0,0.72,1,0,real_negative_sample,calibrated_climatological
Agartala,Tripura,23.9263,91.1293,2016-07-16,68.2,171.7,276.4,56.7,22.1,20.0,0.5,1,0,real_negative_sample,calibrated_climatological
West Garo Hills,Meghalaya,25.3915,89.3989,2016-07-18,37.7,73.4,163.2,69.0,39.7,356.0,0.57,3,0,real_negative_sample,calibrated_climatological
Tura,Meghalaya,25.203,90.5573,2016-07-19,31.2,94.6,146.0,63.4,29.3,220.7,0.43,3,1,real_event,calibrated_climatological
Guwahati,Assam,26.0975,91.8744,2016-07-19,51.3,120.6,223.4,81.6,10.0,20.0,0.5,1,1,real_event,calibrated_climatological
Upper Siang,Arunachal Pradesh,28.235,94.9612,2016-07-19,123.0,293.1,420.6,75.8,30.5,1780.0,0.4,2,1,real_event,calibrated_climatological
Guwahati,Assam,26.1966,91.802,2016-07-20,101.1,211.6,355.1,87.9,14.7,20.0,0.37,1,1,real_event,calibrated_climatological
Goalpara,Assam,27.1176,88.1069,2016-07-20,110.3,239.4,364.6,67.7,15.1,24.0,0.57,1,1,real_event,calibrated_climatological
Tura,Meghalaya,24.1727,89.6778,2016-07-21,83.3,141.6,200.2,64.9,29.1,399.3,0.63,3,0,real_negative_sample,calibrated_climatological
Goalpara,Assam,26.9015,88.4719,2016-07-21,131.2,311.8,462.0,67.3,14.2,20.0,0.55,1,1,real_event,calibrated_climatological
Anjaw,Arunachal Pradesh,26.6014,97.1902,2016-07-24,65.7,138.3,253.4,67.9,38.2,2085.6,0.52,2,0,real_negative_sample,calibrated_climatological
Itanagar,Arunachal Pradesh,28.2339,91.9355,2016-07-24,75.1,170.7,250.6,85.0,43.7,308.2,0.58,2,0,real_negative_sample,calibrated_climatological
Lunglei,Mizoram,22.7678,92.3365,2016-07-24,85.8,189.8,345.4,64.0,49.8,959.9,0.47,2,0,real_negative_sample,calibrated_climatological
Goalpara,Assam,27.2029,88.3196,2016-07-25,57.9,121.3,196.7,50.1,12.6,20.0,0.57,1,0,real_negative_sample,calibrated_climatological
Kohima,Nagaland,25.48,94.1383,2016-07-25,188.7,379.6,652.0,90.0,36.6,1450.0,0.66,3,1,real_event,calibrated_climatological
Mokokchung,Nagaland,26.0101,94.5282,2016-07-26,85.4,195.3,281.6,67.0,28.5,1448.5,0.46,3,1,real_event,calibrated_climatological
Itanagar,Arunachal Pradesh,27.8883,92.7383,2016-07-26,114.8,200.1,267.1,56.9,29.9,465.1,0.68,2,0,real_negative_sample,calibrated_climatological
Goalpara,Assam,27.1027,88.1218,2016-07-26,49.4,131.6,211.9,86.3,9.9,20.0,0.61,1,1,real_event,calibrated_climatological
Nagaon,Assam,27.5748,91.8644,2016-07-28,117.2,208.8,418.0,76.6,16.8,20.0,0.59,1,1,real_event,calibrated_climatological
Phek,Nagaland,25.8702,94.7844,2016-07-28,137.3,244.5,343.4,83.2,32.0,1489.4,0.3,3,1,real_event,calibrated_climatological
Champhai,Mizoram,23.5397,93.3783,2016-07-28,58.8,128.0,217.8,62.7,30.2,1076.5,0.5,2,1,real_event,calibrated_climatological
Nagaon,Assam,27.5754,91.9754,2016-08-05,31.4,104.1,223.9,70.7,8.0,79.2,0.5,1,1,real_event,calibrated_climatological
West Garo Hills,Meghalaya,25.1492,88.3327,2016-08-05,86.1,179.0,345.6,52.0,29.2,385.9,0.6,3,0,real_negative_sample,calibrated_climatological
Goalpara,Assam,29.2024,90.4221,2016-08-05,112.0,220.3,395.4,64.6,18.9,139.9,0.45,1,0,real_negative_sample,calibrated_climatological
Churachandpur,Manipur,24.0137,93.8421,2016-08-06,76.9,137.7,280.8,50.6,39.3,813.9,0.46,2,0,real_negative_sample,calibrated_climatological
Longding,Arunachal Pradesh,26.3432,96.9446,2016-08-06,67.5,151.7,279.5,51.8,37.7,936.0,0.44,2,0,real_negative_sample,calibrated_climatological
Dibrugarh,Assam,26.9399,94.991,2016-08-07,50.8,108.7,177.3,63.9,9.7,62.4,0.65,1,0,real_negative_sample,calibrated_climatological
Hailakandi,Assam,24.5477,92.2534,2016-08-09,77.8,144.9,229.2,72.3,5.6,20.0,0.58,1,0,real_negative_sample,calibrated_climatological
West Garo Hills,Meghalaya,26.7903,88.11,2016-08-09,76.7,190.6,290.8,84.6,48.6,358.7,0.4,3,1,real_event,calibrated_climatological
West Garo Hills,Meghalaya,26.7973,88.1389,2016-08-09,142.9,297.1,591.1,73.4,39.9,267.6,0.35,3,1,real_event,calibrated_climatological
Saiha,Mizoram,22.4734,94.36,2016-08-11,75.3,139.9,212.3,57.8,31.9,1018.8,0.37,2,0,real_negative_sample,calibrated_climatological
Agartala,Tripura,24.5225,90.7488,2016-08-13,21.1,59.5,99.8,43.9,5.0,20.0,0.46,1,0,real_negative_sample,calibrated_climatological
Kamjong,Manipur,25.3117,95.6002,2016-08-15,116.2,259.5,491.2,83.5,30.4,1293.8,0.57,2,0,real_negative_sample,calibrated_climatological
Goalpara,Assam,27.593,88.492,2016-08-16,115.1,261.8,424.8,71.7,11.5,90.0,0.71,1,1,real_event,calibrated_climatological
Goalpara,Assam,26.8171,89.464,2016-08-16,10.7,33.8,88.3,76.9,19.4,77.0,0.61,1,0,real_negative_sample,calibrated_climatological
Longding,Arunachal Pradesh,26.8816,95.3999,2016-08-16,118.8,290.8,444.7,56.9,36.8,1080.0,0.54,2,1,real_event,calibrated_climatological
Goalpara,Assam,28.8387,89.17,2016-08-17,68.5,147.6,252.1,71.2,10.1,69.8,0.61,1,0,real_negative_sample,calibrated_climatological
Kamjong,Manipur,24.3279,95.6937,2016-08-18,91.5,167.2,230.7,50.9,36.2,1216.0,0.66,2,0,real_negative_sample,calibrated_climatological
Upper Siang,Arunachal Pradesh,29.2788,93.6619,2016-08-21,116.3,226.7,422.4,67.5,44.7,1678.7,0.43,2,0,real_negative_sample,calibrated_climatological
Kohima,Nagaland,25.6605,94.1049,2016-08-25,39.0,84.4,170.1,87.5,26.2,1528.7,0.32,3,1,real_event,calibrated_climatological
Silchar,Assam,24.7686,92.8212,2016-09-01,75.9,163.0,293.6,64.9,21.7,20.0,0.57,1,1,real_event,calibrated_climatological
Itanagar,Arunachal Pradesh,27.6852,92.3838,2016-09-04,30.0,70.3,147.6,57.2,41.5,392.0,0.5,2,0,real_negative_sample,calibrated_climatological
Nagaon,Assam,27.2147,92.28,2016-09-05,46.0,85.9,146.9,70.5,13.0,55.5,0.45,1,0,real_negative_sample,calibrated_climatological
Mokokchung,Nagaland,26.3247,94.5147,2016-09-05,92.1,210.4,331.0,65.0,34.7,1228.5,0.56,3,1,real_event,calibrated_climatological
Mokokchung,Nagaland,26.0925,94.2575,2016-09-05,47.0,131.1,218.7,66.5,34.5,1277.2,0.43,3,1,real_event,calibrated_climatological
Agartala,Tripura,23.662,90.1526,2016-09-07,29.5,76.4,153.8,68.4,14.6,134.5,0.45,1,0,real_negative_sample,calibrated_climatological
West Garo Hills,Meghalaya,25.9658,89.1263,2016-09-07,64.7,159.4,269.3,79.5,35.5,278.0,0.75,3,0,real_negative_sample,calibrated_climatological
Serchhip,Mizoram,23.3733,92.6251,2016-09-10,7.8,26.5,48.5,69.0,26.8,1045.1,0.54,2,0,real_negative_sample,calibrated_climatological
Aizawl,Mizoram,23.7259,92.7178,2016-09-17,67.7,182.7,315.0,66.7,40.2,1128.8,0.51,2,1,real_event,calibrated_climatological
Kamjong,Manipur,22.791,96.3581,2016-09-18,40.8,90.4,158.5,76.6,37.8,1305.6,0.6,2,0,real_negative_sample,calibrated_climatological
Goalpara,Assam,28.2087,88.9896,2016-09-21,44.7,93.6,198.9,56.0,18.0,32.1,0.51,1,0,real_negative_sample,calibrated_climatological
Lunglei,Mizoram,22.6425,92.642,2016-09-23,36.8,90.2,200.2,69.0,44.3,855.0,0.48,2,0,real_negative_sample,calibrated_climatological
West Garo Hills,Meghalaya,26.5574,89.0546,2016-09-28,32.9,67.6,143.1,65.9,37.8,280.9,0.39,3,0,real_negative_sample,calibrated_climatological
Champhai,Mizoram,23.2654,93.521,2016-10-07,47.5,106.2,181.1,54.9,31.1,980.6,0.67,2,0,real_negative_sample,calibrated_climatological
West Garo Hills,Meghalaya,26.8861,88.1704,2016-10-12,78.1,184.4,359.5,75.6,41.2,186.0,0.65,3,1,real_event,calibrated_climatological
West Garo Hills,Meghalaya,26.8692,88.4695,2016-10-12,88.2,232.5,410.7,65.6,44.1,260.3,0.65,3,1,real_event,calibrated_climatological
Goalpara,Assam,27.2676,88.2891,2016-10-12,73.2,185.0,331.7,66.3,17.2,126.9,0.39,1,1,real_event,calibrated_climatological
Goalpara,Assam,27.172,88.5292,2016-10-15,85.5,198.8,315.9,81.5,8.0,118.9,0.49,1,1,real_event,calibrated_climatological
West Garo Hills,Meghalaya,26.888,88.2796,2016-10-15,44.7,121.3,242.7,55.6,38.2,153.3,0.53,3,1,real_event,calibrated_climatological
Goalpara,Assam,27.1695,88.3664,2016-10-15,19.2,58.0,112.8,76.1,8.0,56.0,0.66,1,1,real_event,calibrated_climatological
Goalpara,Assam,26.9343,88.4486,2016-10-15,40.3,112.0,231.4,57.8,15.6,223.0,0.38,1,1,real_event,calibrated_climatological
Lakhimpur,Assam,26.9927,94.1407,2016-10-16,18.1,62.8,124.2,65.6,5.0,119.7,0.61,1,0,real_negative_sample,calibrated_climatological
Agartala,Tripura,24.5069,91.5889,2016-11-01,39.0,100.5,212.0,81.9,10.5,20.0,0.4,1,1,real_event,calibrated_climatological
Guwahati,Assam,26.1816,91.772,2016-12-15,74.9,191.6,371.0,64.9,8.4,38.1,0.55,1,1,real_event,calibrated_climatological
Guwahati,Assam,26.1917,91.8101,2016-12-15,32.7,86.5,188.3,90.4,16.9,48.8,0.52,1,1,real_event,calibrated_climatological
Cherrapunji,Meghalaya,25.0873,91.7506,2017-01-23,39.0,117.7,238.7,83.6,31.4,1275.8,0.57,3,1,real_event,calibrated_climatological
Nongstoin,Meghalaya,24.7275,90.8087,2017-02-03,22.5,65.6,152.9,69.9,32.3,1308.1,0.5,3,0,real_negative_sample,calibrated_climatological
West Garo Hills,Meghalaya,25.6432,89.4557,2017-02-07,31.9,91.2,194.2,71.7,43.6,266.4,0.64,3,1,real_event,calibrated_climatological
Kamjong,Manipur,25.6195,96.3086,2017-02-09,29.4,87.3,151.2,58.0,33.5,1222.7,0.52,2,1,real_event,calibrated_climatological
Shillong,Meghalaya,25.4051,91.9775,2017-02-09,24.3,69.1,146.8,73.2,26.9,1506.7,0.73,3,0,real_negative_sample,calibrated_climatological
Shillong,Meghalaya,25.5183,91.963,2017-02-15,26.1,73.3,174.4,78.6,23.9,1556.3,0.59,3,1,real_event,calibrated_climatological
Cherrapunji,Meghalaya,25.0926,91.7637,2017-03-06,37.6,110.3,182.5,73.0,26.8,1356.2,0.51,3,1,real_event,calibrated_climatological
Dawki,Meghalaya,25.1678,92.0196,2017-03-08,52.3,146.0,271.8,87.0,51.0,386.2,0.54,3,1,real_event,calibrated_climatological
Agartala,Tripura,23.4382,91.1254,2017-03-16,34.0,82.7,190.7,78.4,14.9,20.0,0.35,1,1,real_event,calibrated_climatological
Dawki,Meghalaya,25.1786,92.0128,2017-03-16,16.8,58.7,125.8,66.7,44.9,409.5,0.61,3,1,real_event,calibrated_climatological
Lunglei,Mizoram,22.6475,92.1546,2017-03-16,9.2,48.9,120.6,89.6,37.2,992.6,0.61,2,1,real_event,calibrated_climatological
Champhai,Mizoram,23.3214,93.7508,2017-03-19,15.7,53.1,114.3,80.0,32.8,1038.5,0.44,2,1,real_event,calibrated_climatological
Bishnupur,Manipur,24.7959,93.7239,2017-03-30,44.4,88.5,168.1,64.5,15.7,802.5,0.36,1,1,real_event,calibrated_climatological
Diphu,Assam,25.4816,93.1417,2017-04-04,29.1,79.0,165.5,69.1,24.5,372.6,0.6,1,1,real_event,calibrated_climatological
Silchar,Assam,25.1184,92.8539,2017-04-04,30.3,94.8,181.4,82.0,14.2,20.0,0.49,1,1,real_event,calibrated_climatological
Jiribam,Manipur,25.1322,93.0468,2017-04-04,31.4,78.8,171.3,85.5,31.1,740.9,0.46,2,1,real_event,calibrated_climatological
Tamenglong,Manipur,25.1954,93.1728,2017-04-04,50.7,95.9,169.4,75.0,31.9,1249.9,0.57,2,1,real_event,calibrated_climatological
Jiribam,Manipur,25.1815,93.1181,2017-04-04,40.7,81.5,176.2,67.7,19.8,833.6,0.3,2,1,real_event,calibrated_climatological
Guwahati,Assam,26.1607,91.8529,2017-04-05,35.1,109.7,171.6,86.7,13.6,161.6,0.44,1,1,real_event,calibrated_climatological
Ukhrul,Manipur,25.083,94.2376,2017-04-06,31.8,93.8,193.8,87.4,30.7,1769.0,0.5,3,1,real_event,calibrated_climatological
Kohima,Nagaland,25.7717,93.9351,2017-04-07,18.2,61.8,137.4,68.3,34.5,1403.2,0.43,3,1,real_event,calibrated_climatological
Upper Siang,Arunachal Pradesh,27.992,94.9075,2017-04-11,13.9,41.3,91.0,66.0,37.6,1808.9,0.57,2,0,real_negative_sample,calibrated_climatological
Champhai,Mizoram,22.8038,95.5149,2017-04-19,17.1,56.8,113.0,62.8,24.5,1006.2,0.65,2,0,real_negative_sample,calibrated_climatological
Lakhimpur,Assam,27.6179,93.842,2017-04-22,35.4,115.9,204.1,83.9,8.4,78.3,0.5,1,1,real_event,calibrated_climatological
Itanagar,Arunachal Pradesh,27.6802,93.6259,2017-04-22,29.1,79.1,194.9,70.7,36.3,327.5,0.54,2,1,real_event,calibrated_climatological
Mamit,Mizoram,24.0136,92.6742,2017-04-25,52.0,138.3,268.4,69.6,35.0,919.7,0.46,2,1,real_event,calibrated_climatological
Itanagar,Arunachal Pradesh,27.104,93.6116,2017-04-26,24.0,77.1,184.0,77.8,49.8,400.9,0.44,2,1,real_event,calibrated_climatological
East Jaintia Hills,Meghalaya,25.6192,92.7095,2017-04-29,51.5,123.4,255.7,77.8,41.6,570.6,0.54,3,1,real_event,calibrated_climatological
Lakhimpur,Assam,27.8274,93.6241,2017-05-03,87.7,176.8,368.7,72.6,8.6,20.0,0.64,1,1,real_event,calibrated_climatological
Champhai,Mizoram,23.2656,93.6778,2017-05-07,86.6,207.4,377.1,55.2,25.0,1139.6,0.54,2,0,real_negative_sample,calibrated_climatological
Goalpara,Assam,27.5083,88.4082,2017-05-14,55.5,115.4,196.3,48.9,5.0,101.9,0.75,1,0,real_negative_sample,calibrated_climatological
Kohima,Nagaland,25.7332,93.9966,2017-05-16,41.7,87.5,175.1,84.2,33.3,1416.6,0.6,3,1,real_event,calibrated_climatological
Goalpara,Assam,28.3576,90.4412,2017-05-18,72.8,126.6,250.1,76.3,5.0,35.8,0.47,1,0,real_negative_sample,calibrated_climatological
Itanagar,Arunachal Pradesh,27.9607,93.0077,2017-05-22,80.7,177.8,278.0,71.2,36.7,278.8,0.35,2,0,real_negative_sample,calibrated_climatological
Upper Siang,Arunachal Pradesh,28.5495,94.0279,2017-05-24,55.2,108.0,223.2,73.2,43.4,1676.4,0.53,2,0,real_negative_sample,calibrated_climatological
Agartala,Tripura,23.3128,91.218,2017-05-24,36.4,95.7,207.2,58.0,5.0,20.0,0.46,1,0,real_negative_sample,calibrated_climatological
Itanagar,Arunachal Pradesh,27.7698,93.51,2017-05-24,34.0,95.2,149.5,61.7,33.1,267.1,0.59,2,1,real_event,calibrated_climatological
Goalpara,Assam,27.543,88.5968,2017-05-26,31.5,76.0,165.1,80.2,9.3,20.0,0.38,1,1,real_event,calibrated_climatological
Churachandpur,Manipur,23.6957,94.5197,2017-05-26,7.5,38.5,82.8,86.9,31.4,839.9,0.55,2,0,real_negative_sample,calibrated_climatological
Nongpoh,Meghalaya,25.9072,91.8819,2017-05-26,47.4,135.5,237.1,81.4,45.8,1007.0,0.5,3,1,real_event,calibrated_climatological
Agartala,Tripura,23.9606,90.5046,2017-05-28,35.4,88.3,131.5,66.7,9.7,134.3,0.55,1,0,real_negative_sample,calibrated_climatological
Saiha,Mizoram,22.6562,93.6159,2017-05-29,43.9,109.1,221.0,76.2,38.8,885.1,0.47,2,1,real_event,calibrated_climatological
Aizawl,Mizoram,23.7394,92.7151,2017-06-01,83.5,209.5,331.7,73.9,41.1,1080.4,0.46,2,1,real_event,calibrated_climatological
Kohima,Nagaland,25.6706,94.1184,2017-06-02,68.5,149.2,283.4,65.7,24.1,1488.9,0.52,3,1,real_event,calibrated_climatological
Tamenglong,Manipur,25.1629,93.2552,2017-06-02,85.4,181.6,342.0,57.8,40.9,1285.4,0.51,2,0,real_negative_sample,calibrated_climatological
Goalpara,Assam,28.8358,88.508,2017-06-02,8.0,34.0,80.0,64.8,5.0,99.2,0.54,1,0,real_negative_sample,calibrated_climatological
Goalpara,Assam,27.4083,90.7434,2017-06-03,62.0,116.2,174.3,65.2,19.1,20.0,0.47,1,0,real_negative_sample,calibrated_climatological
Agartala,Tripura,24.1947,91.8293,2017-06-03,37.0,110.9,227.2,79.5,8.0,20.0,0.4,1,1,real_event,calibrated_climatological
Mamit,Mizoram,23.8647,91.895,2017-06-03,127.5,253.0,509.4,80.9,20.5,767.3,0.33,2,1,real_event,calibrated_climatological
Silchar,Assam,25.1525,92.9467,2017-06-04,167.1,369.1,680.5,74.3,11.6,50.7,0.49,1,1,real_event,calibrated_climatological
Itanagar,Arunachal Pradesh,27.0591,93.5424,2017-06-04,79.0,200.1,326.0,69.9,38.3,256.2,0.43,2,1,real_event,calibrated_climatological
Mokokchung,Nagaland,26.044,95.4348,2017-06-05,64.4,150.8,229.7,55.2,32.3,1291.1,0.42,3,0,real_negative_sample,calibrated_climatological
Champhai,Mizoram,23.1981,94.2982,2017-06-05,234.9,404.9,638.8,73.7,34.8,1109.0,0.64,2,1,real_event,calibrated_climatological
West Garo Hills,Meghalaya,26.9653,88.2667,2017-06-05,47.1,137.2,273.1,92.1,47.5,318.3,0.51,3,1,real_event,calibrated_climatological
Goalpara,Assam,27.2996,89.0243,2017-06-08,28.0,71.8,146.5,74.7,11.0,161.2,0.5,1,0,real_negative_sample,calibrated_climatological
Lunglei,Mizoram,22.9081,92.4721,2017-06-09,55.6,121.9,266.1,80.4,34.9,1078.0,0.47,2,1,real_event,calibrated_climatological
Mokokchung,Nagaland,26.3412,94.7034,2017-06-09,28.9,80.5,130.3,51.0,20.8,1403.7,0.45,3,0,real_negative_sample,calibrated_climatological
Nagaon,Assam,26.698,92.7303,2017-06-10,68.8,135.6,265.6,54.1,10.9,20.0,0.56,1,0,real_negative_sample,calibrated_climatological
Aizawl,Mizoram,23.7335,92.7474,2017-06-10,96.1,214.3,418.3,81.4,43.1,1072.2,0.56,2,1,real_event,calibrated_climatological
Goalpara,Assam,28.3019,89.642,2017-06-11,55.0,142.0,279.7,67.4,15.6,20.0,0.38,1,0,real_negative_sample,calibrated_climatological
Bishnupur,Manipur,24.619,93.8245,2017-06-11,53.9,113.5,226.4,67.2,11.6,889.3,0.47,1,0,real_negative_sample,calibrated_climatological
Champhai,Mizoram,22.6317,95.1462,2017-06-11,39.8,79.9,140.5,69.3,20.3,1147.1,0.62,2,0,real_negative_sample,calibrated_climatological
Ukhrul,Manipur,25.1196,94.3642,2017-06-12,81.6,178.0,324.2,73.7,38.5,2000.0,0.37,3,1,real_event,calibrated_climatological
Serchhip,Mizoram,23.335,92.8541,2017-06-12,27.4,74.2,160.6,55.9,25.1,1060.6,0.61,2,1,real_event,calibrated_climatological
Lunglei,Mizoram,22.5942,92.164,2017-06-12,35.2,93.0,175.7,75.8,37.9,1089.9,0.44,2,1,real_event,calibrated_climatological
Lunglei,Mizoram,22.5942,92.164,2017-06-12,96.5,231.8,397.9,84.2,40.5,996.9,0.55,2,1,real_event,calibrated_climatological
Lunglei,Mizoram,22.6524,92.159,2017-06-13,62.9,139.0,280.2,75.1,46.8,900.6,0.45,2,1,real_event,calibrated_climatological
Lunglei,Mizoram,22.3504,91.8326,2017-06-13,99.8,237.5,386.0,81.3,38.4,1107.4,0.56,2,1,real_event,calibrated_climatological
Lunglei,Mizoram,22.8045,91.9126,2017-06-13,114.0,237.6,459.2,73.6,39.2,861.4,0.54,2,1,real_event,calibrated_climatological
Lunglei,Mizoram,22.4439,91.9724,2017-06-13,55.5,130.3,230.6,67.3,39.6,911.2,0.71,2,1,real_event,calibrated_climatological
Lunglei,Mizoram,22.8045,91.9126,2017-06-13,87.3,221.9,444.6,81.5,39.5,1016.8,0.56,2,1,real_event,calibrated_climatological
Lunglei,Mizoram,22.7496,92.221,2017-06-13,107.6,256.4,381.2,65.0,37.6,841.9,0.55,2,1,real_event,calibrated_climatological
Goalpara,Assam,27.2195,90.0818,2017-06-13,78.6,157.2,244.1,59.9,20.5,87.4,0.42,1,0,real_negative_sample,calibrated_climatological
Lunglei,Mizoram,22.6524,92.159,2017-06-13,55.4,148.5,282.2,89.9,43.4,987.8,0.61,2,1,real_event,calibrated_climatological
Kamjong,Manipur,25.0359,96.5465,2017-06-15,77.2,185.0,254.5,71.9,30.1,1217.9,0.46,2,0,real_negative_sample,calibrated_climatological
Mairang,Meghalaya,25.4381,91.799,2017-06-17,99.6,184.1,356.7,66.1,26.7,856.6,0.48,3,1,real_event,calibrated_climatological
Aizawl,Mizoram,23.6564,93.0275,2017-06-17,97.2,241.2,443.7,65.4,29.7,1330.6,0.61,2,1,real_event,calibrated_climatological
Ri Bhoi,Meghalaya,25.6784,91.9234,2017-06-17,68.7,149.3,291.6,89.0,35.9,642.6,0.58,3,1,real_event,calibrated_climatological
Itanagar,Arunachal Pradesh,26.8787,93.3844,2017-06-17,111.4,233.8,402.4,68.1,41.6,372.8,0.54,2,0,real_negative_sample,calibrated_climatological
Karimganj,Assam,24.7041,92.2303,2017-06-18,128.0,282.4,545.2,88.1,13.7,20.0,0.6,1,1,real_event,calibrated_climatological
Goalpara,Assam,27.2834,89.2888,2017-06-18,28.5,68.6,155.6,65.6,10.9,20.0,0.5,1,0,real_negative_sample,calibrated_climatological
Nagaon,Assam,26.9644,92.7826,2017-06-18,93.7,247.6,477.1,71.0,18.6,142.4,0.42,1,1,real_event,calibrated_climatological
Lunglei,Mizoram,22.8476,91.9566,2017-06-18,123.7,280.1,514.9,68.0,46.7,1009.3,0.58,2,1,real_event,calibrated_climatological
Lunglei,Mizoram,22.9776,91.8044,2017-06-18,117.5,282.0,391.6,84.3,36.2,1084.5,0.58,2,1,real_event,calibrated_climatological
Itanagar,Arunachal Pradesh,27.0699,93.6147,2017-06-19,113.0,283.8,522.7,73.4,31.2,348.0,0.49,2,1,real_event,calibrated_climatological
Agartala,Tripura,24.332,91.8009,2017-06-19,69.0,179.9,311.1,84.7,8.0,108.3,0.61,1,1,real_event,calibrated_climatological
Upper Siang,Arunachal Pradesh,28.1076,94.1832,2017-06-20,130.4,278.8,529.8,69.0,46.6,1775.1,0.47,2,1,real_event,calibrated_climatological
Itanagar,Arunachal Pradesh,27.0588,93.5414,2017-06-21,88.3,183.3,311.4,66.5,34.4,522.9,0.57,2,1,real_event,calibrated_climatological
Longding,Arunachal Pradesh,26.894,96.0982,2017-06-21,62.9,139.7,247.0,76.1,49.2,963.4,0.66,2,0,real_negative_sample,calibrated_climatological
Saiha,Mizoram,22.2665,94.8883,2017-06-23,41.4,96.1,169.7,60.7,29.6,923.1,0.49,2,0,real_negative_sample,calibrated_climatological
Mokokchung,Nagaland,26.6635,94.6222,2017-06-24,79.6,211.9,426.5,86.1,28.7,1237.1,0.67,3,1,real_event,calibrated_climatological
Dimapur,Nagaland,25.8376,93.9463,2017-06-25,84.4,208.0,363.6,69.1,14.8,82.8,0.43,1,1,real_event,calibrated_climatological
Kolasib,Mizoram,24.3242,93.1502,2017-06-26,120.7,272.6,530.8,71.0,26.3,703.0,0.44,2,1,real_event,calibrated_climatological
West Garo Hills,Meghalaya,25.044,88.7594,2017-06-26,88.0,170.2,320.1,50.4,35.9,326.2,0.54,3,0,real_negative_sample,calibrated_climatological
Churachandpur,Manipur,24.2199,93.2027,2017-06-26,43.6,87.3,155.7,55.8,36.0,838.4,0.48,2,1,real_event,calibrated_climatological
Churachandpur,Manipur,24.3042,93.1818,2017-06-27,134.6,336.3,643.1,76.8,34.6,1047.6,0.54,2,1,real_event,calibrated_climatological
Goalpara,Assam,26.0086,90.6253,2017-06-27,68.5,146.7,290.1,72.0,17.5,20.0,0.58,1,0,real_negative_sample,calibrated_climatological
Aizawl,Mizoram,23.6946,92.8764,2017-06-28,93.5,195.4,289.0,62.8,38.1,975.4,0.42,2,1,real_event,calibrated_climatological
Itanagar,Arunachal Pradesh,27.0477,93.619,2017-06-30,102.5,216.5,437.8,75.3,43.7,192.4,0.49,2,1,real_event,calibrated_climatological
Senapati,Manipur,25.0666,93.9311,2017-06-30,40.3,87.1,156.9,70.5,30.0,1620.7,0.43,2,1,real_event,calibrated_climatological
Mokokchung,Nagaland,26.3313,94.5543,2017-07-01,119.4,273.3,461.5,69.7,31.6,1366.3,0.3,3,1,real_event,calibrated_climatological
Ukhrul,Manipur,24.9518,94.2034,2017-07-01,40.1,96.7,213.1,92.7,30.9,1779.0,0.68,3,1,real_event,calibrated_climatological
Itanagar,Arunachal Pradesh,28.5768,92.1637,2017-07-01,75.7,164.4,294.3,63.1,34.9,463.5,0.38,2,0,real_negative_sample,calibrated_climatological
Mokokchung,Nagaland,26.1445,94.2442,2017-07-01,118.3,251.1,510.0,69.1,19.5,1382.9,0.46,3,1,real_event,calibrated_climatological
Itanagar,Arunachal Pradesh,27.0817,93.6082,2017-07-01,15.7,40.3,89.0,82.4,33.3,381.9,0.5,2,1,real_event,calibrated_climatological
Mokokchung,Nagaland,26.1161,94.2422,2017-07-01,189.1,445.1,734.7,70.0,40.9,1325.3,0.47,3,1,real_event,calibrated_climatological
Nagaon,Assam,27.0115,92.642,2017-07-01,111.1,219.9,381.3,75.6,8.0,120.0,0.64,1,1,real_event,calibrated_climatological
Itanagar,Arunachal Pradesh,27.1065,93.6598,2017-07-01,125.8,225.8,352.0,81.5,45.3,399.5,0.51,2,1,real_event,calibrated_climatological
Lunglei,Mizoram,22.78,92.0351,2017-07-02,152.4,292.8,583.3,62.3,51.6,1002.5,0.59,2,1,real_event,calibrated_climatological
Guwahati,Assam,26.1043,91.8623,2017-07-03,105.2,215.1,331.2,71.3,9.7,226.2,0.61,1,1,real_event,calibrated_climatological
Guwahati,Assam,26.2045,91.872,2017-07-03,79.7,199.6,388.6,82.0,15.1,20.0,0.5,1,1,real_event,calibrated_climatological
Guwahati,Assam,26.2225,91.9205,2017-07-03,29.1,69.0,170.4,70.4,8.0,79.6,0.4,1,1,real_event,calibrated_climatological
Guwahati,Assam,26.1004,91.8735,2017-07-03,58.6,136.0,290.8,77.8,9.2,20.0,0.68,1,1,real_event,calibrated_climatological
Upper Siang,Arunachal Pradesh,29.1241,92.9947,2017-07-03,87.3,161.9,268.6,83.2,49.4,1679.4,0.42,2,0,real_negative_sample,calibrated_climatological
Guwahati,Assam,26.1062,91.8516,2017-07-03,115.6,240.9,373.0,85.5,10.6,95.4,0.55,1,1,real_event,calibrated_climatological
Kohima,Nagaland,25.4976,94.129,2017-07-04,124.9,289.6,495.6,72.3,33.1,1566.7,0.68,3,1,real_event,calibrated_climatological
Upper Siang,Arunachal Pradesh,27.9788,94.263,2017-07-04,179.1,354.2,589.8,95.0,44.2,1511.6,0.42,2,1,real_event,calibrated_climatological
Upper Siang,Arunachal Pradesh,27.9853,94.2126,2017-07-04,111.0,232.9,410.5,71.2,48.3,1623.0,0.49,2,1,real_event,calibrated_climatological
Kamjong,Manipur,25.0502,94.7338,2017-07-05,57.5,131.3,237.0,74.4,33.5,1242.6,0.48,2,0,real_negative_sample,calibrated_climatological
West Garo Hills,Meghalaya,26.903,88.2952,2017-07-05,114.8,297.1,525.3,80.2,31.9,254.3,0.61,3,1,real_event,calibrated_climatological
Guwahati,Assam,26.1097,91.8032,2017-07-06,69.3,156.3,310.9,70.2,11.8,127.7,0.46,1,1,real_event,calibrated_climatological
Upper Siang,Arunachal Pradesh,28.2336,94.5863,2017-07-06,8.0,38.9,85.8,68.2,36.9,1639.7,0.42,2,0,real_negative_sample,calibrated_climatological
Goalpara,Assam,27.0215,88.259,2017-07-06,158.9,304.5,547.6,67.9,8.1,74.0,0.64,1,1,real_event,calibrated_climatological
West Garo Hills,Meghalaya,26.5224,88.2385,2017-07-06,46.3,112.2,195.7,50.6,28.4,386.2,0.7,3,0,real_negative_sample,calibrated_climatological
Nongpoh,Meghalaya,25.8286,91.8767,2017-07-06,86.8,237.4,447.3,66.8,47.8,1052.2,0.54,3,1,real_event,calibrated_climatological
Goalpara,Assam,27.0286,89.5722,2017-07-08,89.5,217.8,415.9,69.6,16.6,20.0,0.3,1,1,real_event,calibrated_climatological
Goalpara,Assam,27.021,89.9071,2017-07-08,147.0,368.4,727.6,67.7,9.2,20.0,0.46,1,1,real_event,calibrated_climatological
Guwahati,Assam,27.1601,91.6036,2017-07-08,71.0,168.0,329.2,79.3,11.2,20.0,0.49,1,1,real_event,calibrated_climatological
Kohima,Nagaland,25.7202,94.0323,2017-07-08,36.5,101.2,188.4,72.4,19.9,1447.8,0.44,3,1,real_event,calibrated_climatological
Ukhrul,Manipur,25.0647,94.2742,2017-07-08,135.8,270.8,522.0,76.5,22.1,1884.8,0.52,3,1,real_event,calibrated_climatological
Goalpara,Assam,27.0404,89.9063,2017-07-08,70.8,163.4,287.1,72.7,8.0,102.2,0.56,1,1,real_event,calibrated_climatological
Goalpara,Assam,27.5135,89.7903,2017-07-08,12.0,44.8,124.4,71.9,15.2,20.0,0.52,1,1,real_event,calibrated_climatological
Nongpoh,Meghalaya,25.826,91.8711,2017-07-09,98.7,236.9,473.2,64.0,47.5,850.8,0.3,3,1,real_event,calibrated_climatological
Churachandpur,Manipur,24.2717,93.2804,2017-07-09,129.7,236.5,451.6,77.0,34.4,972.7,0.65,2,1,real_event,calibrated_climatological
Itanagar,Arunachal Pradesh,27.1071,93.6516,2017-07-09,105.7,216.4,418.6,68.2,31.0,390.1,0.44,2,1,real_event,calibrated_climatological
Nagaon,Assam,26.5664,93.132,2017-07-09,170.8,404.9,696.1,78.4,8.0,130.8,0.51,1,1,real_event,calibrated_climatological
Imphal,Manipur,24.8351,93.899,2017-07-09,143.5,346.6,678.8,88.9,15.0,750.9,0.55,1,1,real_event,calibrated_climatological
Tamenglong,Manipur,24.8277,93.5182,2017-07-09,91.5,197.7,404.8,77.9,33.1,1484.2,0.47,2,1,real_event,calibrated_climatological
Kohima,Nagaland,25.7311,93.9883,2017-07-09,73.8,184.1,328.8,71.7,43.3,1366.5,0.48,3,1,real_event,calibrated_climatological
Kohima,Nagaland,25.632,94.1007,2017-07-09,33.5,85.1,188.8,82.9,31.5,1282.6,0.67,3,1,real_event,calibrated_climatological
Itanagar,Arunachal Pradesh,27.0845,93.6051,2017-07-09,66.8,170.5,354.1,70.5,41.8,397.2,0.43,2,1,real_event,calibrated_climatological
Itanagar,Arunachal Pradesh,27.0929,93.6188,2017-07-09,120.9,250.5,497.0,83.8,45.1,457.0,0.52,2,1,real_event,calibrated_climatological
Itanagar,Arunachal Pradesh,27.0596,93.501,2017-07-09,12.0,34.3,80.6,85.5,44.2,232.8,0.63,2,1,real_event,calibrated_climatological
Itanagar,Arunachal Pradesh,27.1416,93.665,2017-07-09,12.0,53.8,116.2,75.9,39.2,468.8,0.59,2,1,real_event,calibrated_climatological
Itanagar,Arunachal Pradesh,27.0767,93.5976,2017-07-09,104.4,194.1,310.7,81.7,41.2,447.5,0.52,2,1,real_event,calibrated_climatological
Itanagar,Arunachal Pradesh,27.1161,93.7956,2017-07-09,111.8,245.6,429.3,73.0,37.5,417.9,0.64,2,1,real_event,calibrated_climatological
Mokokchung,Nagaland,26.2633,94.8148,2017-07-10,112.1,214.8,382.0,94.8,27.2,1243.9,0.48,3,1,real_event,calibrated_climatological
Churachandpur,Manipur,24.3717,93.7068,2017-07-10,100.3,234.7,455.8,72.6,28.9,943.0,0.45,2,1,real_event,calibrated_climatological
Itanagar,Arunachal Pradesh,26.9522,93.8575,2017-07-10,114.5,246.1,450.8,80.6,43.4,347.0,0.49,2,1,real_event,calibrated_climatological
Guwahati,Assam,26.1904,91.7731,2017-07-10,83.8,173.1,291.1,82.9,8.0,20.0,0.54,1,1,real_event,calibrated_climatological
Goalpara,Assam,27.3604,88.6519,2017-07-10,105.7,211.3,403.9,63.9,12.6,20.0,0.47,1,1,real_event,calibrated_climatological
Guwahati,Assam,26.1455,91.7936,2017-07-10,35.6,98.0,219.5,71.9,16.1,20.0,0.66,1,1,real_event,calibrated_climatological
Upper Siang,Arunachal Pradesh,29.1042,94.9667,2017-07-11,51.7,106.3,162.0,57.6,40.9,1686.4,0.59,2,0,real_negative_sample,calibrated_climatological
Nagaon,Assam,27.5838,91.8769,2017-07-11,121.0,294.1,491.3,89.1,8.0,20.0,0.49,1,1,real_event,calibrated_climatological
Itanagar,Arunachal Pradesh,27.2167,93.6305,2017-07-11,116.9,256.9,493.2,61.5,40.6,390.7,0.32,2,1,real_event,calibrated_climatological
Kohima,Nagaland,25.6911,94.0948,2017-07-12,67.8,150.4,310.9,88.2,28.8,1403.8,0.54,3,1,real_event,calibrated_climatological
West Garo Hills,Meghalaya,25.0404,88.9493,2017-07-14,74.9,148.4,272.0,78.8,41.2,281.7,0.41,3,0,real_negative_sample,calibrated_climatological
Anjaw,Arunachal Pradesh,29.2165,96.6899,2017-07-15,113.6,208.6,380.3,69.6,35.6,2019.4,0.54,2,0,real_negative_sample,calibrated_climatological
Phek,Nagaland,25.9387,94.4472,2017-07-23,85.3,185.0,315.6,82.0,28.7,1477.2,0.56,3,0,real_negative_sample,calibrated_climatological
Karimganj,Assam,24.6032,92.1044,2017-07-24,64.1,156.0,274.6,77.0,9.6,29.9,0.47,1,0,real_negative_sample,calibrated_climatological
Kamjong,Manipur,24.858,95.9887,2017-08-06,35.4,81.5,147.4,67.0,28.9,1263.1,0.59,2,0,real_negative_sample,calibrated_climatological
Nagaon,Assam,26.7007,92.4776,2017-08-10,109.8,195.9,358.8,68.6,7.5,143.8,0.7,1,0,real_negative_sample,calibrated_climatological
Tura,Meghalaya,24.7317,89.7626,2017-08-11,63.7,127.8,208.4,85.0,35.2,383.2,0.58,3,0,real_negative_sample,calibrated_climatological
West Garo Hills,Meghalaya,24.6735,89.1353,2017-08-12,38.1,85.8,146.1,74.3,48.0,431.2,0.64,3,0,real_negative_sample,calibrated_climatological
Kamjong,Manipur,24.4021,96.1673,2017-08-20,78.5,159.2,279.7,65.2,36.8,1217.0,0.48,2,0,real_negative_sample,calibrated_climatological
Upper Siang,Arunachal Pradesh,28.4389,95.2674,2017-08-25,57.9,134.1,258.5,60.9,29.5,1606.1,0.73,2,0,real_negative_sample,calibrated_climatological
Jorhat,Assam,26.8512,94.8371,2017-08-28,107.6,231.8,315.1,90.0,16.9,20.0,0.41,1,0,real_negative_sample,calibrated_climatological
Kamjong,Manipur,25.6135,95.9191,2017-08-28,40.7,98.8,148.9,68.0,35.6,1104.2,0.55,2,0,real_negative_sample,calibrated_climatological
Goalpara,Assam,26.7537,89.8537,2017-09-05,31.3,62.9,140.4,77.7,12.5,39.0,0.5,1,0,real_negative_sample,calibrated_climatological
Agartala,Tripura,22.9371,88.2364,2017-09-06,5.6,30.2,82.2,50.4,9.4,20.0,0.68,1,0,real_negative_sample,calibrated_climatological
Lunglei,Mizoram,22.5248,91.788,2017-09-10,66.3,117.4,173.0,44.9,45.2,968.4,0.39,2,0,real_negative_sample,calibrated_climatological
Agartala,Tripura,22.4129,90.0367,2017-09-12,23.9,69.0,125.4,81.0,13.0,20.0,0.55,1,0,real_negative_sample,calibrated_climatological
Kamjong,Manipur,24.052,96.4973,2017-09-21,54.1,119.6,203.3,80.4,36.4,1217.1,0.56,2,0,real_negative_sample,calibrated_climatological
Saiha,Mizoram,22.6997,93.4448,2017-10-28,73.0,150.0,235.0,71.5,41.2,838.4,0.5,2,0,real_negative_sample,calibrated_climatological
West Garo Hills,Meghalaya,26.1496,89.6786,2017-12-19,23.8,72.1,116.3,70.9,42.8,306.6,0.6,3,0,real_negative_sample,calibrated_climatological
